Workbook

Sheet Formulas
A1: Customer Support & Quality Analysis
A4: Formula Guide
A6: Column | B6: Formula | C6: Returns | D6: Reason
A7: Agent Name | B7: =VLOOKUP(...) | C7: Agent name | D7: Connect tickets with agents
A8: Team | B8: =INDEX/MATCH(...) | C8: Support team | D8: Demonstrate alternate lookup
A9: SLA Target | B9: =VLOOKUP(...) | C9: Target hours | D9: Lookup priority target
A10: SLA Status | B10: =IF(...) | C10: Met/Breached | D10: Compare resolution with target
A11: Response Status | B11: =IF(...) | C11: Within/Late | D11: Check first response
A12: Month | B12: =TEXT(...) | C12: 2025-01 | D12: Monthly analysis
A13: CSAT Band | B13: =IF(...) | C13: Good/Average/Poor | D13: Group satisfaction
A14: Duplicate Flag | B14: =COUNTIF(...) | C14: Unique/Duplicate | D14: Quality check

Sheet Agents
A1: agent_id | B1: agent_name | C1: team_lead | D1: team | E1: location
A2: A001 | B2: Ishita Patel | C2: Aman Verma | D2: Email Support | E2: Gurugram
A3: A002 | B3: Gaurav Khan | C3: Aman Verma | D3: Email Support | E3: Noida
A4: A003 | B4: Kabir Verma | C4: Aman Verma | D4: Email Support | E4: Gurugram
A5: A004 | B5: Arjun Agarwal | C5: Aman Verma | D5: Email Support | E5: Bengaluru
A6: A005 | B6: Aditi Verma | C6: Aman Verma | D6: Email Support | E6: Gurugram
A7: A006 | B7: Divya Shah | C7: Kritika Shah | D7: Voice Support | E7: Gurugram
A8: A007 | B8: Kavya Patel | C8: Kritika Shah | D8: Voice Support | E8: Noida
A9: A008 | B9: Ananya Mishra | C9: Kritika Shah | D9: Voice Support | E9: Hyderabad
A10: A009 | B10: Divya Mehta | C10: Kritika Shah | D10: Voice Support | E10: Gurugram
A11: A010 | B11: Ananya Gupta | C11: Kritika Shah | D11: Voice Support | E11: Gurugram
A12: A011 | B12: Shreya Singh | C12: Nitin Gupta | D12: Chat Support | E12: Noida
... A26: A025 | B26: Arjun Nair | C26: Vivek Jain | D26: Seller Support | E26: Noida

Sheet Raw Tickets
A1: ticket_id | B1: created_date | C1: agent_id | D1: channel | E1: issue_type | F1: priority | G1: resolution_hours | H1: first_response_minutes | I1: csat_score | J1: qa_score | K1: status | L1: reopened | M1: escalated
A2: T00001 | B2: 45666 | C2: A001 | D2: Call | E2: Delivery Delay | F2: High | G2: 20.4 | H2: 1 | I2: 2 | J2: 86.1 | K2: Closed | L2: No | M2: No
A3: T00002 | B3: 45999 | C3: A003 | D3: Call | E3: Refund | F3: High | G3: 2.8 | H3: 36 | I3: 4 | J3: 91.2 | K3: Closed | L3: No | M3: No
A4: T00003 | B4: 45734 | C4: A009 | D4: Chat | E4: Delivery Delay | F4: Low | G4: 54.6 | H4: 35 | I4: 5 | J4: 78.2 | K4: Closed | L4: No | M4: No
A5: T00004 | B5: 45899 | C5: A001 | D5: Chat | E5: Refund | F5: Medium | G5: 19.6 | H5: 34 | I5: 4 | J5: 92.2 | K5: Closed | L5: No | M5: No
A6: T00005 | B6: 45662 | C6: A016 | D6: Chat | E6: Order Cancellation | F6: Low | G6: 58 | H6: 23 | I6: 3 | J6: 80 | K6: Closed | L6: No | M6: No
A7: T00006 | B7: 45863 | C7: A011 | D7: Email | E7: Refund | F7: Low | G7: 5.5 | H7: 47 | I7: 3 | J7: 78.5 | K7: Closed | L7: No | M7: No
A8: T00007 | B8: 45801 | C8: A013 | D8: Chat | E8: Account Issue | F8: Critical | G8: 3.5 | H8: 1 | I8: 5 | J8: 72.8 | K8: Closed | L8: No | M8: No
A9: T00008 | B9: 46019 | C9: A007 | D9: Chat | E9: Account Issue | F9: Medium | G9: 22.1 | H9: 51 | I9: 2 | J9: 83.1 | K9: Closed | L9: No | M9: No
A10: T00009 | B10: 45945 | C10: A021 | D10: Email | E10: Delivery Delay | F10: Medium | G10: 8.1 | H10: 27 | I10: 3 | J10: 98.6 | K10: Closed | L10: Yes | M10: No
A11: T00010 | B11: 46005 | C11: A020 | D11: Chat | E11: Delivery Delay | F11: Medium | G11: 0.5 | H11: 6 | I11: 2 | J11: 72 | K11: Closed | L11: Yes | M11: No
A12: T00011 | B12: 45682 | C12: A005 | D12: Call | E12: Order Cancellation | F12: Medium | G12: 26.7 | H12: 20 | I12: 5 | J12: 88.4 | K12: Closed | L12: No | M12: No
A13: T00012 | B13: 45791 | C13: A024 | D13: Email | E13: Account Issue | F13: High | G13: 3.4 | H13: 46 | I13: 5 | J13: 81.6 | K13: Closed | L13: No | M13: No
... A501: T00500 | B501: 45730 | C501: A003 | D501: Call | E501: Payment Failure | F501: Low | G501: 4.8 | H501: 45 | I501: 5 | J501: 87.4 | K501: Closed | L501: No | M501: No

Sheet Ticket Analysis
A1: Ticket_ID | B1: Created_Date | C1: Agent_ID | D1: Channel | E1: Issue_Type | F1: Priority | G1: Resolution_Hours | H1: First_Response_Minutes | I1: CSAT_Score | J1: QA_Score | K1: Status | L1: Reopened | M1: Escalated | N1: Agent_Name | O1: Team | P1: Team_Lead | Q1: Location | R1: SLA_Target_Hours | S1: SLA_Status | T1: Response_Status | U1: Ticket_Month | V1: CSAT_Band | W1: QA_Band | X1: Duplicate_Flag
A2: ='Raw Tickets'!$A$2 -> T00001 | B2: ='Raw Tickets'!$B$2 -> 45666 | C2: ='Raw Tickets'!$C$2 -> A001 | D2: ='Raw Tickets'!$D$2 -> Call | E2: ='Raw Tickets'!$E$2 -> Delivery Delay | F2: ='Raw Tickets'!$F$2 -> High | G2: ='Raw Tickets'!$G$2 -> 20.4 | H2: ='Raw Tickets'!$H$2 -> 1 | I2: ='Raw Tickets'!$I$2 -> 2 | J2: ='Raw Tickets'!$J$2 -> 86.1 | K2: ='Raw Tickets'!$K$2 -> Closed | L2: ='Raw Tickets'!$L$2 -> No | M2: ='Raw Tickets'!$M$2 -> No | N2: =IFERROR(VLOOKUP(C2,Agents!$A$2:$E$26,2,FALSE),"") -> Ishita Patel | O2: =IFERROR(INDEX(Agents!$D$2:$D$26,MATCH(C2,Agents!$A$2:$A$26,0)),"") -> Email Support | P2: =IFERROR(VLOOKUP(C2,Agents!$A$2:$E$26,3,FALSE),"") -> Aman Verma | Q2: =IFERROR(VLOOKUP(C2,Agents!$A$2:$E$26,5,FALSE),"") -> Gurugram | R2: =IFERROR(VLOOKUP(F2,#REF!,2,FALSE),0) -> 0 | S2: =IF(G2<=R2,"Met","Breached") -> Breached | T2: =IF(H2<=30,"Within Target","Late") -> Within Target | U2: =TEXT(B2,"yyyy-mm") -> 2025-01 | V2: =IF(I2>=4,"Good",IF(I2=3,"Average","Poor")) -> Poor | W2: =IF(J2>=85,"Pass","Needs Coaching") -> Pass | X2: =IF(COUNTIF($A$2:$A$501,A2)>1,"Duplicate","Unique") -> Unique
A3: ='Raw Tickets'!$A$3 -> T00002 | B3: ='Raw Tickets'!$B$3 -> 45999 | C3: ='Raw Tickets'!$C$3 -> A003 | D3: ='Raw Tickets'!$D$3 -> Call | E3: ='Raw Tickets'!$E$3 -> Refund | F3: ='Raw Tickets'!$F$3 -> High | G3: ='Raw Tickets'!$G$3 -> 2.8 | H3: ='Raw Tickets'!$H$3 -> 36 | I3: ='Raw Tickets'!$I$3 -> 4 | J3: ='Raw Tickets'!$J$3 -> 91.2 | K3: ='Raw Tickets'!$K$3 -> Closed | L3: ='Raw Tickets'!$L$3 -> No | M3: ='Raw Tickets'!$M$3 -> No | N3: =IFERROR(VLOOKUP(C3,Agents!$A$2:$E$26,2,FALSE),"") -> Kabir Verma | O3: =IFERROR(INDEX(Agents!$D$2:$D$26,MATCH(C3,Agents!$A$2:$A$26,0)),"") -> Email Support | P3: =IFERROR(VLOOKUP(C3,Agents!$A$2:$E$26,3,FALSE),"") -> Aman Verma | Q3: =IFERROR(VLOOKUP(C3,Agents!$A$2:$E$26,5,FALSE),"") -> Gurugram | R3: =IFERROR(VLOOKUP(F3,#REF!,2,FALSE),0) -> 0 | S3: =IF(G3<=R3,"Met","Breached") -> Breached | T3: =IF(H3<=30,"Within Target","Late") -> Late | U3: =TEXT(B3,"yyyy-mm") -> 2025-12 | V3: =IF(I3>=4,"Good",IF(I3=3,"Average","Poor")) -> Good | W3: =IF(J3>=85,"Pass","Needs Coaching") -> Pass | X3: =IF(COUNTIF($A$2:$A$501,A3)>1,"Duplicate","Unique") -> Unique
A4: ='Raw Tickets'!$A$4 -> T00003 | B4: ='Raw Tickets'!$B$4 -> 45734 | C4: ='Raw Tickets'!$C$4 -> A009 | D4: ='Raw Tickets'!$D$4 -> Chat | E4: ='Raw Tickets'!$E$4 -> Delivery Delay | F4: ='Raw Tickets'!$F$4 -> Low | G4: ='Raw Tickets'!$G$4 -> 54.6 | H4: ='Raw Tickets'!$H$4 -> 35 | I4: ='Raw Tickets'!$I$4 -> 5 | J4: ='Raw Tickets'!$J$4 -> 78.2 | K4: ='Raw Tickets'!$K$4 -> Closed | L4: ='Raw Tickets'!$L$4 -> No | M4: ='Raw Tickets'!$M$4 -> No | N4: =IFERROR(VLOOKUP(C4,Agents!$A$2:$E$26,2,FALSE),"") -> Divya Mehta | O4: =IFERROR(INDEX(Agents!$D$2:$D$26,MATCH(C4,Agents!$A$2:$A$26,0)),"") -> Voice Support | P4: =IFERROR(VLOOKUP(C4,Agents!$A$2:$E$26,3,FALSE),"") -> Kritika Shah | Q4: =IFERROR(VLOOKUP(C4,Agents!$A$2:$E$26,5,FALSE),"") -> Gurugram | R4: =IFERROR(VLOOKUP(F4,#REF!,2,FALSE),0) -> 0 | S4: =IF(G4<=R4,"Met","Breached") -> Breached | T4: =IF(H4<=30,"Within Target","Late") -> Late | U4: =TEXT(B4,"yyyy-mm") -> 2025-03 | V4: =IF(I4>=4,"Good",IF(I4=3,"Average","Poor")) -> Good | W4: =IF(J4>=85,"Pass","Needs Coaching") -> Needs Coaching | X4: =IF(COUNTIF($A$2:$A$501,A4)>1,"Duplicate","Unique") -> Unique
A5: ='Raw Tickets'!$A$5 -> T00004 | B5: ='Raw Tickets'!$B$5 -> 45899 | C5: ='Raw Tickets'!$C$5 -> A001 | D5: ='Raw Tickets'!$D$5 -> Chat | E5: ='Raw Tickets'!$E$5 -> Refund | F5: ='Raw Tickets'!$F$5 -> Medium | G5: ='Raw Tickets'!$G$5 -> 19.6 | H5: ='Raw Tickets'!$H$5 -> 34 | I5: ='Raw Tickets'!$I$5 -> 4 | J5: ='Raw Tickets'!$J$5 -> 92.2 | K5: ='Raw Tickets'!$K$5 -> Closed | L5: ='Raw Tickets'!$L$5 -> No | M5: ='Raw Tickets'!$M$5 -> No | N5: =IFERROR(VLOOKUP(C5,Agents!$A$2:$E$26,2,FALSE),"") -> Ishita Patel | O5: =IFERROR(INDEX(Agents!$D$2:$D$26,MATCH(C5,Agents!$A$2:$A$26,0)),"") -> Email Support | P5: =IFERROR(VLOOKUP(C5,Agents!$A$2:$E$26,3,FALSE),"") -> Aman Verma | Q5: =IFERROR(VLOOKUP(C5,Agents!$A$2:$E$26,5,FALSE),"") -> Gurugram | R5: =IFERROR(VLOOKUP(F5,#REF!,2,FALSE),0) -> 0 | S5: =IF(G5<=R5,"Met","Breached") -> Breached | T5: =IF(H5<=30,"Within Target","Late") -> Late | U5: =TEXT(B5,"yyyy-mm") -> 2025-08 | V5: =IF(I5>=4,"Good",IF(I5=3,"Average","Poor")) -> Good | W5: =IF(J5>=85,"Pass","Needs Coaching") -> Pass | X5: =IF(COUNTIF($A$2:$A$501,A5)>1,"Duplicate","Unique") -> Unique
A6: ='Raw Tickets'!$A$6 -> T00005 | B6: ='Raw Tickets'!$B$6 -> 45662 | C6: ='Raw Tickets'!$C$6 -> A016 | D6: ='Raw Tickets'!$D$6 -> Chat | E6: ='Raw Tickets'!$E$6 -> Order Cancellation | F6: ='Raw Tickets'!$F$6 -> Low | G6: ='Raw Tickets'!$G$6 -> 58 | H6: ='Raw Tickets'!$H$6 -> 23 | I6: ='Raw Tickets'!$I$6 -> 3 | J6: ='Raw Tickets'!$J$6 -> 80 | K6: ='Raw Tickets'!$K$6 -> Closed | L6: ='Raw Tickets'!$L$6 -> No | M6: ='Raw Tickets'!$M$6 -> No | N6: =IFERROR(VLOOKUP(C6,Agents!$A$2:$E$26,2,FALSE),"") -> Pooja Bansal | O6: =IFERROR(INDEX(Agents!$D$2:$D$26,MATCH(C6,Agents!$A$2:$A$26,0)),"") -> Escalations | P6: =IFERROR(VLOOKUP(C6,Agents!$A$2:$E$26,3,FALSE),"") -> Pallavi Rao | Q6: =IFERROR(VLOOKUP(C6,Agents!$A$2:$E$26,5,FALSE),"") -> Hyderabad | R6: =IFERROR(VLOOKUP(F6,#REF!,2,FALSE),0) -> 0 | S6: =IF(G6<=R6,"Met","Breached") -> Breached | T6: =IF(H6<=30,"Within Target","Late") -> Within Target | U6: =TEXT(B6,"yyyy-mm") -> 2025-01 | V6: =IF(I6>=4,"Good",IF(I6=3,"Average","Poor")) -> Average | W6: =IF(J6>=85,"Pass","Needs Coaching") -> Needs Coaching | X6: =IF(COUNTIF($A$2:$A$501,A6)>1,"Duplicate","Unique") -> Unique
A7: ='Raw Tickets'!$A$7 -> T00006 | B7: ='Raw Tickets'!$B$7 -> 45863 | C7: ='Raw Tickets'!$C$7 -> A011 | D7: ='Raw Tickets'!$D$7 -> Email | E7: ='Raw Tickets'!$E$7 -> Refund | F7: ='Raw Tickets'!$F$7 -> Low | G7: ='Raw Tickets'!$G$7 -> 5.5 | H7: ='Raw Tickets'!$H$7 -> 47 | I7: ='Raw Tickets'!$I$7 -> 3 | J7: ='Raw Tickets'!$J$7 -> 78.5 | K7: ='Raw Tickets'!$K$7 -> Closed | L7: ='Raw Tickets'!$L$7 -> No | M7: ='Raw Tickets'!$M$7 -> No | N7: =IFERROR(VLOOKUP(C7,Agents!$A$2:$E$26,2,FALSE),"") -> Shreya Singh | O7: =IFERROR(INDEX(Agents!$D$2:$D$26,MATCH(C7,Agents!$A$2:$A$26,0)),"") -> Chat Support | P7: =IFERROR(VLOOKUP(C7,Agents!$A$2:$E$26,3,FALSE),"") -> Nitin Gupta | Q7: =IFERROR(VLOOKUP(C7,Agents!$A$2:$E$26,5,FALSE),"") -> Noida | R7: =IFERROR(VLOOKUP(F7,#REF!,2,FALSE),0) -> 0 | S7: =IF(G7<=R7,"Met","Breached") -> Breached | T7: =IF(H7<=30,"Within Target","Late") -> Late | U7: =TEXT(B7,"yyyy-mm") -> 2025-07 | V7: =IF(I7>=4,"Good",IF(I7=3,"Average","Poor")) -> Average | W7: =IF(J7>=85,"Pass","Needs Coaching") -> Needs Coaching | X7: =IF(COUNTIF($A$2:$A$501,A7)>1,"Duplicate","Unique") -> Unique
A8: ='Raw Tickets'!$A$8 -> T00007 | B8: ='Raw Tickets'!$B$8 -> 45801 | C8: ='Raw Tickets'!$C$8 -> A013 | D8: ='Raw Tickets'!$D$8 -> Chat | E8: ='Raw Tickets'!$E$8 -> Account Issue | F8: ='Raw Tickets'!$F$8 -> Critical | G8: ='Raw Tickets'!$G$8 -> 3.5 | H8: ='Raw Tickets'!$H$8 -> 1 | I8: ='Raw Tickets'!$I$8 -> 5 | J8: ='Raw Tickets'!$J$8 -> 72.8 | K8: ='Raw Tickets'!$K$8 -> Closed | L8: ='Raw Tickets'!$L$8 -> No | M8: ='Raw Tickets'!$M$8 -> No | N8: =IFERROR(VLOOKUP(C8,Agents!$A$2:$E$26,2,FALSE),"") -> Ananya Jain | O8: =IFERROR(INDEX(Agents!$D$2:$D$26,MATCH(C8,Agents!$A$2:$A$26,0)),"") -> Chat Support | P8: =IFERROR(VLOOKUP(C8,Agents!$A$2:$E$26,3,FALSE),"") -> Nitin Gupta | Q8: =IFERROR(VLOOKUP(C8,Agents!$A$2:$E$26,5,FALSE),"") -> Hyderabad | R8: =IFERROR(VLOOKUP(F8,#REF!,2,FALSE),0) -> 0 | S8: =IF(G8<=R8,"Met","Breached") -> Breached | T8: =IF(H8<=30,"Within Target","Late") -> Within Target | U8: =TEXT(B8,"yyyy-mm") -> 2025-05 | V8: =IF(I8>=4,"Good",IF(I8=3,"Average","Poor")) -> Good | W8: =IF(J8>=85,"Pass","Needs Coaching") -> Needs Coaching | X8: =IF(COUNTIF($A$2:$A$501,A8)>1,"Duplicate","Unique") -> Unique
A9: ='Raw Tickets'!$A$9 -> T00008 | B9: ='Raw Tickets'!$B$9 -> 46019 | C9: ='Raw Tickets'!$C$9 -> A007 | D9: ='Raw Tickets'!$D$9 -> Chat | E9: ='Raw Tickets'!$E$9 -> Account Issue | F9: ='Raw Tickets'!$F$9 -> Medium | G9: ='Raw Tickets'!$G$9 -> 22.1 | H9: ='Raw Tickets'!$H$9 -> 51 | I9: ='Raw Tickets'!$I$9 -> 2 | J9: ='Raw Tickets'!$J$9 -> 83.1 | K9: ='Raw Tickets'!$K$9 -> Closed | L9: ='Raw Tickets'!$L$9 -> No | M9: ='Raw Tickets'!$M$9 -> No | N9: =IFERROR(VLOOKUP(C9,Agents!$A$2:$E$26,2,FALSE),"") -> Kavya Patel | O9: =IFERROR(INDEX(Agents!$D$2:$D$26,MATCH(C9,Agents!$A$2:$A$26,0)),"") -> Voice Support | P9: =IFERROR(VLOOKUP(C9,Agents!$A$2:$E$26,3,FALSE),"") -> Kritika Shah | Q9: =IFERROR(VLOOKUP(C9,Agents!$A$2:$E$26,5,FALSE),"") -> Noida | R9: =IFERROR(VLOOKUP(F9,#REF!,2,FALSE),0) -> 0 | S9: =IF(G9<=R9,"Met","Breached") -> Breached | T9: =IF(H9<=30,"Within Target","Late") -> Late | U9: =TEXT(B9,"yyyy-mm") -> 2025-12 | V9: =IF(I9>=4,"Good",IF(I9=3,"Average","Poor")) -> Poor | W9: =IF(J9>=85,"Pass","Needs Coaching") -> Needs Coaching | X9: =IF(COUNTIF($A$2:$A$501,A9)>1,"Duplicate","Unique") -> Unique
A10: ='Raw Tickets'!$A$10 -> T00009 | B10: ='Raw Tickets'!$B$10 -> 45945 | C10: ='Raw Tickets'!$C$10 -> A021 | D10: ='Raw Tickets'!$D$10 -> Email | E10: ='Raw Tickets'!$E$10 -> Delivery Delay | F10: ='Raw Tickets'!$F$10 -> Medium | G10: ='Raw Tickets'!$G$10 -> 8.1 | H10: ='Raw Tickets'!$H$10 -> 27 | I10: ='Raw Tickets'!$I$10 -> 3 | J10: ='Raw Tickets'!$J$10 -> 98.6 | K10: ='Raw Tickets'!$K$10 -> Closed | L10: ='Raw Tickets'!$L$10 -> Yes | M10: ='Raw Tickets'!$M$10 -> No | N10: =IFERROR(VLOOKUP(C10,Agents!$A$2:$E$26,2,FALSE),"") -> Nikhil Bansal | O10: =IFERROR(INDEX(Agents!$D$2:$D$26,MATCH(C10,Agents!$A$2:$A$26,0)),"") -> Seller Support | P10: =IFERROR(VLOOKUP(C10,Agents!$A$2:$E$26,3,FALSE),"") -> Vivek Jain | Q10: =IFERROR(VLOOKUP(C10,Agents!$A$2:$E$26,5,FALSE),"") -> Bengaluru | R10: =IFERROR(VLOOKUP(F10,#REF!,2,FALSE),0) -> 0 | S10: =IF(G10<=R10,"Met","Breached") -> Breached | T10: =IF(H10<=30,"Within Target","Late") -> Within Target | U10: =TEXT(B10,"yyyy-mm") -> 2025-10 | V10: =IF(I10>=4,"Good",IF(I10=3,"Average","Poor")) -> Average | W10: =IF(J10>=85,"Pass","Needs Coaching") -> Pass | X10: =IF(COUNTIF($A$2:$A$501,A10)>1,"Duplicate","Unique") -> Unique
A11: ='Raw Tickets'!$A$11 -> T00010 | B11: ='Raw Tickets'!$B$11 -> 46005 | C11: ='Raw Tickets'!$C$11 -> A020 | D11: ='Raw Tickets'!$D$11 -> Chat | E11: ='Raw Tickets'!$E$11 -> Delivery Delay | F11: ='Raw Tickets'!$F$11 -> Medium | G11: ='Raw Tickets'!$G$11 -> 0.5 | H11: ='Raw Tickets'!$H$11 -> 6 | I11: ='Raw Tickets'!$I$11 -> 2 | J11: ='Raw Tickets'!$J$11 -> 72 | K11: ='Raw Tickets'!$K$11 -> Closed | L11: ='Raw Tickets'!$L$11 -> Yes | M11: ='Raw Tickets'!$M$11 -> No | N11: =IFERROR(VLOOKUP(C11,Agents!$A$2:$E$26,2,FALSE),"") -> Aditi Bansal | O11: =IFERROR(INDEX(Agents!$D$2:$D$26,MATCH(C11,Agents!$A$2:$A$26,0)),"") -> Escalations | P11: =IFERROR(VLOOKUP(C11,Agents!$A$2:$E$26,3,FALSE),"") -> Pallavi Rao | Q11: =IFERROR(VLOOKUP(C11,Agents!$A$2:$E$26,5,FALSE),"") -> Noida | R11: =IFERROR(VLOOKUP(F11,#REF!,2,FALSE),0) -> 0 | S11: =IF(G11<=R11,"Met","Breached") -> Breached | T11: =IF(H11<=30,"Within Target","Late") -> Within Target | U11: =TEXT(B11,"yyyy-mm") -> 2025-12 | V11: =IF(I11>=4,"Good",IF(I11=3,"Average","Poor")) -> Poor | W11: =IF(J11>=85,"Pass","Needs Coaching") -> Needs Coaching | X11: =IF(COUNTIF($A$2:$A$501,A11)>1,"Duplicate","Unique") -> Unique
A12: ='Raw Tickets'!$A$12 -> T00011 | B12: ='Raw Tickets'!$B$12 -> 45682 | C12: ='Raw Tickets'!$C$12 -> A005 | D12: ='Raw Tickets'!$D$12 -> Call | E12: ='Raw Tickets'!$E$12 -> Order Cancellation | F12: ='Raw Tickets'!$F$12 -> Medium | G12: ='Raw Tickets'!$G$12 -> 26.7 | H12: ='Raw Tickets'!$H$12 -> 20 | I12: ='Raw Tickets'!$I$12 -> 5 | J12: ='Raw Tickets'!$J$12 -> 88.4 | K12: ='Raw Tickets'!$K$12 -> Closed | L12: ='Raw Tickets'!$L$12 -> No | M12: ='Raw Tickets'!$M$12 -> No | N12: =IFERROR(VLOOKUP(C12,Agents!$A$2:$E$26,2,FALSE),"") -> Aditi Verma | O12: =IFERROR(INDEX(Agents!$D$2:$D$26,MATCH(C12,Agents!$A$2:$A$26,0)),"") -> Email Support | P12: =IFERROR(VLOOKUP(C12,Agents!$A$2:$E$26,3,FALSE),"") -> Aman Verma | Q12: =IFERROR(VLOOKUP(C12,Agents!$A$2:$E$26,5,FALSE),"") -> Gurugram | R12: =IFERROR(VLOOKUP(F12,#REF!,2,FALSE),0) -> 0 | S12: =IF(G12<=R12,"Met","Breached") -> Breached | T12: =IF(H12<=30,"Within Target","Late") -> Within Target | U12: =TEXT(B12,"yyyy-mm") -> 2025-01 | V12: =IF(I12>=4,"Good",IF(I12=3,"Average","Poor")) -> Good | W12: =IF(J12>=85,"Pass","Needs Coaching") -> Pass | X12: =IF(COUNTIF($A$2:$A$501,A12)>1,"Duplicate","Unique") -> Unique
A13: ='Raw Tickets'!$A$13 -> T00012 | B13: ='Raw Tickets'!$B$13 -> 45791 | C13: ='Raw Tickets'!$C$13 -> A024 | D13: ='Raw Tickets'!$D$13 -> Email | E13: ='Raw Tickets'!$E$13 -> Account Issue | F13: ='Raw Tickets'!$F$13 -> High | G13: ='Raw Tickets'!$G$13 -> 3.4 | H13: ='Raw Tickets'!$H$13 -> 46 | I13: ='Raw Tickets'!$I$13 -> 5 | J13: ='Raw Tickets'!$J$13 -> 81.6 | K13: ='Raw Tickets'!$K$13 -> Closed | L13: ='Raw Tickets'!$L$13 -> No | M13: ='Raw Tickets'!$M$13 -> No | N13: =IFERROR(VLOOKUP(C13,Agents!$A$2:$E$26,2,FALSE),"") -> Rohan Verma | O13: =IFERROR(INDEX(Agents!$D$2:$D$26,MATCH(C13,Agents!$A$2:$A$26,0)),"") -> Seller Support | P13: =IFERROR(VLOOKUP(C13,Agents!$A$2:$E$26,3,FALSE),"") -> Vivek Jain | Q13: =IFERROR(VLOOKUP(C13,Agents!$A$2:$E$26,5,FALSE),"") -> Noida | R13: =IFERROR(VLOOKUP(F13,#REF!,2,FALSE),0) -> 0 | S13: =IF(G13<=R13,"Met","Breached") -> Breached | T13: =IF(H13<=30,"Within Target","Late") -> Late | U13: =TEXT(B13,"yyyy-mm") -> 2025-05 | V13: =IF(I13>=4,"Good",IF(I13=3,"Average","Poor")) -> Good | W13: =IF(J13>=85,"Pass","Needs Coaching") -> Needs Coaching | X13: =IF(COUNTIF($A$2:$A$501,A13)>1,"Duplicate","Unique") -> Unique
A14: ='Raw Tickets'!$A$14 -> T00013 | B14: ='Raw Tickets'!$B$14 -> 45694 | C14: ='Raw Tickets'!$C$14 -> A013 | D14: ='Raw Tickets'!$D$14 -> Chat | E14: ='Raw Tickets'!$E$14 -> Order Cancellation | F14: ='Raw Tickets'!$F$14 -> Low | G14: ='Raw Tickets'!$G$14 -> 12.6 | H14: ='Raw Tickets'!$H$14 -> 41 | I14: ='Raw Tickets'!$I$14 -> 4 | J14: ='Raw Tickets'!$J$14 -> 86.9 | K14: ='Raw Tickets'!$K$14 -> Closed | L14: ='Raw Tickets'!$L$14 -> No | M14: ='Raw Tickets'!$M$14 -> No | N14: =IFERROR(VLOOKUP(C14,Agents!$A$2:$E$26,2,FALSE),"") -> Ananya Jain | O14: =IFERROR(INDEX(Agents!$D$2:$D$26,MATCH(C14,Agents!$A$2:$A$26,0)),"") -> Chat Support | P14: =IFERROR(VLOOKUP(C14,Agents!$A$2:$E$26,3,FALSE),"") -> Nitin Gupta | Q14: =IFERROR(VLOOKUP(C14,Agents!$A$2:$E$26,5,FALSE),"") -> Hyderabad | R14: =IFERROR(VLOOKUP(F14,#REF!,2,FALSE),0) -> 0 | S14: =IF(G14<=R14,"Met","Breached") -> Breached | T14: =IF(H14<=30,"Within Target","Late") -> Late | U14: =TEXT(B14,"yyyy-mm") -> 2025-02 | V14: =IF(I14>=4,"Good",IF(I14=3,"Average","Poor")) -> Good | W14: =IF(J14>=85,"Pass","Needs Coaching") -> Pass | X14: =IF(COUNTIF($A$2:$A$501,A14)>1,"Duplicate","Unique") -> Unique
A15: ='Raw Tickets'!$A$15 -> T00014 | B15: ='Raw Tickets'!$B$15 -> 45943 | C15: ='Raw Tickets'!$C$15 -> A021 | D15: ='Raw Tickets'!$D$15 -> Email | E15: ='Raw Tickets'!$E$15 -> Refund | F15: ='Raw Tickets'!$F$15 -> High | G15: ='Raw Tickets'!$G$15 -> 5.1 | H15: ='Raw Tickets'!$H$15 -> 15 | I15: ='Raw Tickets'!$I$15 -> 5 | J15: ='Raw Tickets'!$J$15 -> 88.1 | K15: ='Raw Tickets'!$K$15 -> Closed | L15: ='Raw Tickets'!$L$15 -> No | M15: ='Raw Tickets'!$M$15 -> No | N15: =IFERROR(VLOOKUP(C15,Agents!$A$2:$E$26,2,FALSE),"") -> Nikhil Bansal | O15: =IFERROR(INDEX(Agents!$D$2:$D$26,MATCH(C15,Agents!$A$2:$A$26,0)),"") -> Seller Support | P15: =IFERROR(VLOOKUP(C15,Agents!$A$2:$E$26,3,FALSE),"") -> Vivek Jain | Q15: =IFERROR(VLOOKUP(C15,Agents!$A$2:$E$26,5,FALSE),"") -> Bengaluru | R15: =IFERROR(VLOOKUP(F15,#REF!,2,FALSE),0) -> 0 | S15: =IF(G15<=R15,"Met","Breached") -> Breached | T15: =IF(H15<=30,"Within Target","Late") -> Within Target | U15: =TEXT(B15,"yyyy-mm") -> 2025-10 | V15: =IF(I15>=4,"Good",IF(I15=3,"Average","Poor")) -> Good | W15: =IF(J15>=85,"Pass","Needs Coaching") -> Pass | X15: =IF(COUNTIF($A$2:$A$501,A15)>1,"Duplicate","Unique") -> Unique
A16: ='Raw Tickets'!$A$16 -> T00015 | B16: ='Raw Tickets'!$B$16 -> 45915 | C16: ='Raw Tickets'!$C$16 -> A015 | D16: ='Raw Tickets'!$D$16 -> Email | E16: ='Raw Tickets'!$E$16 -> Payment Failure | F16: ='Raw Tickets'!$F$16 -> Medium | G16: ='Raw Tickets'!$G$16 -> 21.3 | H16: ='Raw Tickets'!$H$16 -> 26 | I16: ='Raw Tickets'!$I$16 -> 3 | J16: ='Raw Tickets'!$J$16 -> 82.5 | K16: ='Raw Tickets'!$K$16 -> Closed | L16: ='Raw Tickets'!$L$16 -> No | M16: ='Raw Tickets'!$M$16 -> No | N16: =IFERROR(VLOOKUP(C16,Agents!$A$2:$E$26,2,FALSE),"") -> Neha Jain | O16: =IFERROR(INDEX(Agents!$D$2:$D$26,MATCH(C16,Agents!$A$2:$A$26,0)),"") -> Chat Support | P16: =IFERROR(VLOOKUP(C16,Agents!$A$2:$E$26,3,FALSE),"") -> Nitin Gupta | Q16: =IFERROR(VLOOKUP(C16,Agents!$A$2:$E$26,5,FALSE),"") -> Bengaluru | R16: =IFERROR(VLOOKUP(F16,#REF!,2,FALSE),0) -> 0 | S16: =IF(G16<=R16,"Met","Breached") -> Breached | T16: =IF(H16<=30,"Within Target","Late") -> Within Target | U16: =TEXT(B16,"yyyy-mm") -> 2025-09 | V16: =IF(I16>=4,"Good",IF(I16=3,"Average","Poor")) -> Average | W16: =IF(J16>=85,"Pass","Needs Coaching") -> Needs Coaching | X16: =IF(COUNTIF($A$2:$A$501,A16)>1,"Duplicate","Unique") -> Unique
A17: ='Raw Tickets'!$A$17 -> T00016 | B17: ='Raw Tickets'!$B$17 -> 45910 | C17: ='Raw Tickets'!$C$17 -> A010 | D17: ='Raw Tickets'!$D$17 -> Chat | E17: ='Raw Tickets'!$E$17 -> Product Quality | F17: ='Raw Tickets'!$F$17 -> Low | G17: ='Raw Tickets'!$G$17 -> 51.6 | H17: ='Raw Tickets'!$H$17 -> 57 | I17: ='Raw Tickets'!$I$17 -> 5 | J17: ='Raw Tickets'!$J$17 -> 82.8 | K17: ='Raw Tickets'!$K$17 -> Closed | L17: ='Raw Tickets'!$L$17 -> No | M17: ='Raw Tickets'!$M$17 -> No | N17: =IFERROR(VLOOKUP(C17,Agents!$A$2:$E$26,2,FALSE),"") -> Ananya Gupta | O17: =IFERROR(INDEX(Agents!$D$2:$D$26,MATCH(C17,Agents!$A$2:$A$26,0)),"") -> Voice Support | P17: =IFERROR(VLOOKUP(C17,Agents!$A$2:$E$26,3,FALSE),"") -> Kritika Shah | Q17: =IFERROR(VLOOKUP(C17,Agents!$A$2:$E$26,5,FALSE),"") -> Gurugram | R17: =IFERROR(VLOOKUP(F17,#REF!,2,FALSE),0) -> 0 | S17: =IF(G17<=R17,"Met","Breached") -> Breached | T17: =IF(H17<=30,"Within Target","Late") -> Late | U17: =TEXT(B17,"yyyy-mm") -> 2025-09 | V17: =IF(I17>=4,"Good",IF(I17=3,"Average","Poor")) -> Good | W17: =IF(J17>=85,"Pass","Needs Coaching") -> Needs Coaching | X17: =IF(COUNTIF($A$2:$A$501,A17)>1,"Duplicate","Unique") -> Unique
A18: ='Raw Tickets'!$A$18 -> T00017 | B18: ='Raw Tickets'!$B$18 -> 45879 | C18: ='Raw Tickets'!$C$18 -> A013 | D18: ='Raw Tickets'!$D$18 -> Call | E18: ='Raw Tickets'!$E$18 -> Product Quality | F18: ='Raw Tickets'!$F$18 -> Medium | G18: ='Raw Tickets'!$G$18 -> 7.4 | H18: ='Raw Tickets'!$H$18 -> 20 | I18: ='Raw Tickets'!$I$18 -> 5 | J18: ='Raw Tickets'!$J$18 -> 96.3 | K18: ='Raw Tickets'!$K$18 -> Closed | L18: ='Raw Tickets'!$L$18 -> No | M18: ='Raw Tickets'!$M$18 -> No | N18: =IFERROR(VLOOKUP(C18,Agents!$A$2:$E$26,2,FALSE),"") -> Ananya Jain | O18: =IFERROR(INDEX(Agents!$D$2:$D$26,MATCH(C18,Agents!$A$2:$A$26,0)),"") -> Chat Support | P18: =IFERROR(VLOOKUP(C18,Agents!$A$2:$E$26,3,FALSE),"") -> Nitin Gupta | Q18: =IFERROR(VLOOKUP(C18,Agents!$A$2:$E$26,5,FALSE),"") -> Hyderabad | R18: =IFERROR(VLOOKUP(F18,#REF!,2,FALSE),0) -> 0 | S18: =IF(G18<=R18,"Met","Breached") -> Breached | T18: =IF(H18<=30,"Within Target","Late") -> Within Target | U18: =TEXT(B18,"yyyy-mm") -> 2025-08 | V18: =IF(I18>=4,"Good",IF(I18=3,"Average","Poor")) -> Good | W18: =IF(J18>=85,"Pass","Needs Coaching") -> Pass | X18: =IF(COUNTIF($A$2:$A$501,A18)>1,"Duplicate","Unique") -> Unique
A19: ='Raw Tickets'!$A$19 -> T00018 | B19: ='Raw Tickets'!$B$19 -> 45856 | C19: ='Raw Tickets'!$C$19 -> A022 | D19: ='Raw Tickets'!$D$19 -> Chat | E19: ='Raw Tickets'!$E$19 -> Delivery Delay | F19: ='Raw Tickets'!$F$19 -> High | G19: ='Raw Tickets'!$G$19 -> 3 | H19: ='Raw Tickets'!$H$19 -> 1 | I19: ='Raw Tickets'!$I$19 -> 1 | J19: ='Raw Tickets'!$J$19 -> 91.7 | K19: ='Raw Tickets'!$K$19 -> Closed | L19: ='Raw Tickets'!$L$19 -> No | M19: ='Raw Tickets'!$M$19 -> No | N19: =IFERROR(VLOOKUP(C19,Agents!$A$2:$E$26,2,FALSE),"") -> Varun Sharma | O19: =IFERROR(INDEX(Agents!$D$2:$D$26,MATCH(C19,Agents!$A$2:$A$26,0)),"") -> Seller Support | P19: =IFERROR(VLOOKUP(C19,Agents!$A$2:$E$26,3,FALSE),"") -> Vivek Jain | Q19: =IFERROR(VLOOKUP(C19,Agents!$A$2:$E$26,5,FALSE),"") -> Noida | R19: =IFERROR(VLOOKUP(F19,#REF!,2,FALSE),0) -> 0 | S19: =IF(G19<=R19,"Met","Breached") -> Breached | T19: =IF(H19<=30,"Within Target","Late") -> Within Target | U19: =TEXT(B19,"yyyy-mm") -> 2025-07 | V19: =IF(I19>=4,"Good",IF(I19=3,"Average","Poor")) -> Poor | W19: =IF(J19>=85,"Pass","Needs Coaching") -> Pass | X19: =IF(COUNTIF($A$2:$A$501,A19)>1,"Duplicate","Unique") -> Unique
A20: ='Raw Tickets'!$A$20 -> T00019 | B20: ='Raw Tickets'!$B$20 -> 45953 | C20: ='Raw Tickets'!$C$20 -> A005 | D20: ='Raw Tickets'!$D$20 -> Call | E20: ='Raw Tickets'!$E$20 -> Delivery Delay | F20: ='Raw Tickets'!$F$20 -> Low | G20: ='Raw Tickets'!$G$20 -> 11.4 | H20: ='Raw Tickets'!$H$20 -> 80 | I20: ='Raw Tickets'!$I$20 -> 5 | J20: ='Raw Tickets'!$J$20 -> 80 | K20: ='Raw Tickets'!$K$20 -> Closed | L20: ='Raw Tickets'!$L$20 -> No | M20: ='Raw Tickets'!$M$20 -> No | N20: =IFERROR(VLOOKUP(C20,Agents!$A$2:$E$26,2,FALSE),"") -> Aditi Verma | O20: =IFERROR(INDEX(Agents!$D$2:$D$26,MATCH(C20,Agents!$A$2:$A$26,0)),"") -> Email Support | P20: =IFERROR(VLOOKUP(C20,Agents!$A$2:$E$26,3,FALSE),"") -> Aman Verma | Q20: =IFERROR(VLOOKUP(C20,Agents!$A$2:$E$26,5,FALSE),"") -> Gurugram | R20: =IFERROR(VLOOKUP(F20,#REF!,2,FALSE),0) -> 0 | S20: =IF(G20<=R20,"Met","Breached") -> Breached | T20: =IF(H20<=30,"Within Target","Late") -> Late | U20: =TEXT(B20,"yyyy-mm") -> 2025-10 | V20: =IF(I20>=4,"Good",IF(I20=3,"Average","Poor")) -> Good | W20: =IF(J20>=85,"Pass","Needs Coaching") -> Needs Coaching | X20: =IF(COUNTIF($A$2:$A$501,A20)>1,"Duplicate","Unique") -> Unique
A21: ='Raw Tickets'!$A$21 -> T00020 | B21: ='Raw Tickets'!$B$21 -> 45910 | C21: ='Raw Tickets'!$C$21 -> A011 | D21: ='Raw Tickets'!$D$21 -> Email | E21: ='Raw Tickets'!$E$21 -> Order Cancellation | F21: ='Raw Tickets'!$F$21 -> Medium | G21: ='Raw Tickets'!$G$21 -> 7.5 | H21: ='Raw Tickets'!$H$21 -> 14 | I21: ='Raw Tickets'!$I$21 -> 5 | J21: ='Raw Tickets'!$J$21 -> 100 | K21: ='Raw Tickets'!$K$21 -> Closed | L21: ='Raw Tickets'!$L$21 -> No | M21: ='Raw Tickets'!$M$21 -> No | N21: =IFERROR(VLOOKUP(C21,Agents!$A$2:$E$26,2,FALSE),"") -> Shreya Singh | O21: =IFERROR(INDEX(Agents!$D$2:$D$26,MATCH(C21,Agents!$A$2:$A$26,0)),"") -> Chat Support | P21: =IFERROR(VLOOKUP(C21,Agents!$A$2:$E$26,3,FALSE),"") -> Nitin Gupta | Q21: =IFERROR(VLOOKUP(C21,Agents!$A$2:$E$26,5,FALSE),"") -> Noida | R21: =IFERROR(VLOOKUP(F21,#REF!,2,FALSE),0) -> 0 | S21: =IF(G21<=R21,"Met","Breached") -> Breached | T21: =IF(H21<=30,"Within Target","Late") -> Within Target | U21: =TEXT(B21,"yyyy-mm") -> 2025-09 | V21: =IF(I21>=4,"Good",IF(I21=3,"Average","Poor")) -> Good | W21: =IF(J21>=85,"Pass","Needs Coaching") -> Pass | X21: =IF(COUNTIF($A$2:$A$501,A21)>1,"Duplicate","Unique") -> Unique
A22: ='Raw Tickets'!$A$22 -> T00021 | B22: ='Raw Tickets'!$B$22 -> 45670 | C22: ='Raw Tickets'!$C$22 -> A014 | D22: ='Raw Tickets'!$D$22 -> Call | E22: ='Raw Tickets'!$E$22 -> Delivery Delay | F22: ='Raw Tickets'!$F$22 -> Medium | G22: ='Raw Tickets'!$G$22 -> 32 | H22: ='Raw Tickets'!$H$22 -> 53 | I22: ='Raw Tickets'!$I$22 -> 4 | J22: ='Raw Tickets'!$J$22 -> 87.5 | K22: ='Raw Tickets'!$K$22 -> Closed | L22: ='Raw Tickets'!$L$22 -> No | M22: ='Raw Tickets'!$M$22 -> No | N22: =IFERROR(VLOOKUP(C22,Agents!$A$2:$E$26,2,FALSE),"") -> Ananya Jain | O22: =IFERROR(INDEX(Agents!$D$2:$D$26,MATCH(C22,Agents!$A$2:$A$26,0)),"") -> Chat Support | P22: =IFERROR(VLOOKUP(C22,Agents!$A$2:$E$26,3,FALSE),"") -> Nitin Gupta | Q22: =IFERROR(VLOOKUP(C22,Agents!$A$2:$E$26,5,FALSE),"") -> Bengaluru | R22: =IFERROR(VLOOKUP(F22,#REF!,2,FALSE),0) -> 0 | S22: =IF(G22<=R22,"Met","Breached") -> Breached | T22: =IF(H22<=30,"Within Target","Late") -> Late | U22: =TEXT(B22,"yyyy-mm") -> 2025-01 | V22: =IF(I22>=4,"Good",IF(I22=3,"Average","Poor")) -> Good | W22: =IF(J22>=85,"Pass","Needs Coaching") -> Pass | X22: =IF(COUNTIF($A$2:$A$501,A22)>1,"Duplicate","Unique") -> Unique
A23: ='Raw Tickets'!$A$23 -> T00022 | B23: ='Raw Tickets'!$B$23 -> 45673 | C23: ='Raw Tickets'!$C$23 -> A008 | D23: ='Raw Tickets'!$D$23 -> Chat | E23: ='Raw Tickets'!$E$23 -> Order Cancellation | F23: ='Raw Tickets'!$F$23 -> Low | G23: ='Raw Tickets'!$G$23 -> 73.6 | H23: ='Raw Tickets'!$H$23 -> 25 | I23: ='Raw Tickets'!$I$23 -> 4 | J23: ='Raw Tickets'!$J$23 -> 93 | K23: ='Raw Tickets'!$K$23 -> Closed | L23: ='Raw Tickets'!$L$23 -> No | M23: ='Raw Tickets'!$M$23 -> No | N23: =IFERROR(VLOOKUP(C23,Agents!$A$2:$E$26,2,FALSE),"") -> Ananya Mishra | O23: =IFERROR(INDEX(Agents!$D$2:$D$26,MATCH(C23,Agents!$A$2:$A$26,0)),"") -> Voice Support | P23: =IFERROR(VLOOKUP(C23,Agents!$A$2:$E$26,3,FALSE),"") -> Kritika Shah | Q23: =IFERROR(VLOOKUP(C23,Agents!$A$2:$E$26,5,FALSE),"") -> Hyderabad | R23: =IFERROR(VLOOKUP(F23,#REF!,2,FALSE),0) -> 0 | S23: =IF(G23<=R23,"Met","Breached") -> Breached | T23: =IF(H23<=30,"Within Target","Late") -> Within Target | U23: =TEXT(B23,"yyyy-mm") -> 2025-01 | V23: =IF(I23>=4,"Good",IF(I23=3,"Average","Poor")) -> Good | W23: =IF(J23>=85,"Pass","Needs Coaching") -> Pass | X23: =IF(COUNTIF($A$2:$A$501,A23)>1,"Duplicate","Unique") -> Unique
A24: ='Raw Tickets'!$A$24 -> T00023 | B24: ='Raw Tickets'!$B$24 -> 45674 | C24: ='Raw Tickets'!$C$24 -> A024 | D24: ='Raw Tickets'!$D$24 -> Chat | E24: ='Raw Tickets'!$E$24 -> Account Issue | F24: ='Raw Tickets'!$F$24 -> Medium | G24: ='Raw Tickets'!$G$24 -> 26.9 | H24: ='Raw Tickets'!$H$24 -> 1 | I24: ='Raw Tickets'!$I$24 -> 4 | J24: ='Raw Tickets'!$J$24 -> 85 | K24: ='Raw Tickets'!$K$24 -> Closed | L24: ='Raw Tickets'!$L$24 -> No | M24: ='Raw Tickets'!$M$24 -> No | N24: =IFERROR(VLOOKUP(C24,Agents!$A$2:$E$26,2,FALSE),"") -> Rohan Verma | O24: =IFERROR(INDEX(Agents!$D$2:$D$26,MATCH(C24,Agents!$A$2:$A$26,0)),"") -> Seller Support | P24: =IFERROR(VLOOKUP(C24,Agents!$A$2:$E$26,3,FALSE),"") -> Vivek Jain | Q24: =IFERROR(VLOOKUP(C24,Agents!$A$2:$E$26,5,FALSE),"") -> Noida | R24: =IFERROR(VLOOKUP(F24,#REF!,2,FALSE),0) -> 0 | S24: =IF(G24<=R24,"Met","Breached") -> Breached | T24: =IF(H24<=30,"Within Target","Late") -> Within Target | U24: =TEXT(B24,"yyyy-mm") -> 2025-01 | V24: =IF(I24>=4,"Good",IF(I24=3,"Average","Poor")) -> Good | W24: =IF(J24>=85,"Pass","Needs Coaching") -> Pass | X24: =IF(COUNTIF($A$2:$A$501,A24)>1,"Duplicate","Unique") -> Unique
A25: ='Raw Tickets'!$A$25 -> T00024 | B25: ='Raw Tickets'!$B$25 -> 45702 | C25: ='Raw Tickets'!$C$25 -> A024 | D25: ='Raw Tickets'!$D$25 -> Email | E25: ='Raw Tickets'!$E$25 -> Order Cancellation | F25: ='Raw Tickets'!$F$25 -> Medium | G25: ='Raw Tickets'!$G$25 -> 13 | H25: ='Raw Tickets'!$H$25 -> 25 | I25: ='Raw Tickets'!$I$25 -> 5 | J25: ='Raw Tickets'!$J$25 -> 92.5 | K25: ='Raw Tickets'!$K$25 -> Closed | L25: ='Raw Tickets'!$L$25 -> No | M25: ='Raw Tickets'!$M$25 -> No | N25: =IFERROR(VLOOKUP(C25,Agents!$A$2:$E$26,2,FALSE),"") -> Rohan Verma | O25: =IFERROR(INDEX(Agents!$D$2:$D$26,MATCH(C25,Agents!$A$2:$A$26,0)),"") -> Seller Support | P25: =IFERROR(VLOOKUP(C25,Agents!$A$2:$E$26,3,FALSE),"") -> Vivek Jain | Q25: =IFERROR(VLOOKUP(C25,Agents!$A$2:$E$26,5,FALSE),"") -> Noida | R25: =IFERROR(VLOOKUP(F25,#REF!,2,FALSE),0) -> 0 | S25: =IF(G25<=R25,"Met","Breached") -> Breached | T25: =IF(H25<=30,"Within Target","Late") -> Within Target | U25: =TEXT(B25,"yyyy-mm") -> 2025-02 | V25: =IF(I25>=4,"Good",IF(I25=3,"Average","Poor")) -> Good | W25: =IF(J25>=85,"Pass","Needs Coaching") -> Pass | X25: =IF(COUNTIF($A$2:$A$501,A25)>1,"Duplicate","Unique") -> Unique
A26: ='Raw Tickets'!$A$26 -> T00025 | B26: ='Raw Tickets'!$B$26 -> 45868 | C26: ='Raw Tickets'!$C$26 -> A016 | D26: ='Raw Tickets'!$D$26 -> Email | E26: ='Raw Tickets'!$E$26 -> Order Cancellation | F26: ='Raw Tickets'!$F$26 -> Medium | G26: ='Raw Tickets'!$G$26 -> 25.1 | H26: ='Raw Tickets'!$H$26 -> 44 | I26: ='Raw Tickets'!$I$26 -> 5 | J26: ='Raw Tickets'!$J$26 -> 82.3 | K26: ='Raw Tickets'!$K$26 -> Closed | L26: ='Raw Tickets'!$L$26 -> No | M26: ='Raw Tickets'!$M$26 -> No | N26: =IFERROR(VLOOKUP(C26,Agents!$A$2:$E$26,2,FALSE),"") -> Pooja Bansal | O26: =IFERROR(INDEX(Agents!$D$2:$D$26,MATCH(C26,Agents!$A$2:$A$26,0)),"") -> Escalations | P26: =IFERROR(VLOOKUP(C26,Agents!$A$2:$E$26,3,FALSE),"") -> Pallavi Rao | Q26: =IFERROR(VLOOKUP(C26,Agents!$A$2:$E$26,5,FALSE),"") -> Hyderabad | R26: =IFERROR(VLOOKUP(F26,#REF!,2,FALSE),0) -> 0 | S26: =IF(G26<=R26,"Met","Breached") -> Breached | T26: =IF(H26<=30,"Within Target","Late") -> Late | U26: =TEXT(B26,"yyyy-mm") -> 2025-07 | V26: =IF(I26>=4,"Good",IF(I26=3,"Average","Poor")) -> Good | W26: =IF(J26>=85,"Pass","Needs Coaching") -> Needs Coaching | X26: =IF(COUNTIF($A$2:$A$501,A26)>1,"Duplicate","Unique") -> Unique
A27: ='Raw Tickets'!$A$27 -> T00026 | B27: ='Raw Tickets'!$B$27 -> 45819 | C27: ='Raw Tickets'!$C$27 -> A001 | D27: ='Raw Tickets'!$D$27 -> Email | E27: ='Raw Tickets'!$E$27 -> Delivery Delay | F27: ='Raw Tickets'!$F$27 -> Low | G27: ='Raw Tickets'!$G$27 -> 27.3 | H27: ='Raw Tickets'!$H$27 -> 40 | I27: ='Raw Tickets'!$I$27 -> 5 | J27: ='Raw Tickets'!$J$27 -> 83.7 | K27: ='Raw Tickets'!$K$27 -> Closed | L27: ='Raw Tickets'!$L$27 -> No | M27: ='Raw Tickets'!$M$27 -> No | N27: =IFERROR(VLOOKUP(C27,Agents!$A$2:$E$26,2,FALSE),"") -> Ishita Patel | O27: =IFERROR(INDEX(Agents!$D$2:$D$26,MATCH(C27,Agents!$A$2:$A$26,0)),"") -> Email Support | P27: =IFERROR(VLOOKUP(C27,Agents!$A$2:$E$26,3,FALSE),"") -> Aman Verma | Q27: =IFERROR(VLOOKUP(C27,Agents!$A$2:$E$26,5,FALSE),"") -> Gurugram | R27: =IFERROR(VLOOKUP(F27,#REF!,2,FALSE),0) -> 0 | S27: =IF(G27<=R27,"Met","Breached") -> Breached | T27: =IF(H27<=30,"Within Target","Late") -> Late | U27: =TEXT(B27,"yyyy-mm") -> 2025-06 | V27: =IF(I27>=4,"Good",IF(I27=3,"Average","Poor")) -> Good | W27: =IF(J27>=85,"Pass","Needs Coaching") -> Needs Coaching | X27: =IF(COUNTIF($A$2:$A$501,A27)>1,"Duplicate","Unique") -> Unique
A28: ='Raw Tickets'!$A$28 -> T00027 | B28: ='Raw Tickets'!$B$28 -> 45763 | C28: ='Raw Tickets'!$C$28 -> A021 | D28: ='Raw Tickets'!$D$28 -> Email | E28: ='Raw Tickets'!$E$28 -> Product Quality | F28: ='Raw Tickets'!$F$28 -> Medium | G28: ='Raw Tickets'!$G$28 -> 14.5 | H28: ='Raw Tickets'!$H$28 -> 21 | I28: ='Raw Tickets'!$I$28 -> 3 | J28: ='Raw Tickets'!$J$28 -> 75.8 | K28: ='Raw Tickets'!$K$28 -> Open | L28: ='Raw Tickets'!$L$28 -> No | M28: ='Raw Tickets'!$M$28 -> No | N28: =IFERROR(VLOOKUP(C28,Agents!$A$2:$E$26,2,FALSE),"") -> Nikhil Bansal | O28: =IFERROR(INDEX(Agents!$D$2:$D$26,MATCH(C28,Agents!$A$2:$A$26,0)),"") -> Seller Support | P28: =IFERROR(VLOOKUP(C28,Agents!$A$2:$E$26,3,FALSE),"") -> Vivek Jain | Q28: =IFERROR(VLOOKUP(C28,Agents!$A$2:$E$26,5,FALSE),"") -> Bengaluru | R28: =IFERROR(VLOOKUP(F28,#REF!,2,FALSE),0) -> 0 | S28: =IF(G28<=R28,"Met","Breached") -> Breached | T28: =IF(H28<=30,"Within Target","Late") -> Within Target | U28: =TEXT(B28,"yyyy-mm") -> 2025-04 | V28: =IF(I28>=4,"Good",IF(I28=3,"Average","Poor")) -> Average | W28: =IF(J28>=85,"Pass","Needs Coaching") -> Needs Coaching | X28: =IF(COUNTIF($A$2:$A$501,A28)>1,"Duplicate","Unique") -> Unique
A29: ='Raw Tickets'!$A$29 -> T00028 | B29: ='Raw Tickets'!$B$29 -> 45962 | C29: ='Raw Tickets'!$C$29 -> A006 | D29: ='Raw Tickets'!$D$29 -> Call | E29: ='Raw Tickets'!$E$29 -> Payment Failure | F29: ='Raw Tickets'!$F$29 -> Medium | G29: ='Raw Tickets'!$G$29 -> 9.5 | H29: ='Raw Tickets'!$H$29 -> 46 | I29: ='Raw Tickets'!$I$29 -> 5 | J29: ='Raw Tickets'!$J$29 -> 93.3 | K29: ='Raw Tickets'!$K$29 -> Closed | L29: ='Raw Tickets'!$L$29 -> Yes | M29: ='Raw Tickets'!$M$29 -> No | N29: =IFERROR(VLOOKUP(C29,Agents!$A$2:$E$26,2,FALSE),"") -> Divya Shah | O29: =IFERROR(INDEX(Agents!$D$2:$D$26,MATCH(C29,Agents!$A$2:$A$26,0)),"") -> Voice Support | P29: =IFERROR(VLOOKUP(C29,Agents!$A$2:$E$26,3,FALSE),"") -> Kritika Shah | Q29: =IFERROR(VLOOKUP(C29,Agents!$A$2:$E$26,5,FALSE),"") -> Gurugram | R29: =IFERROR(VLOOKUP(F29,#REF!,2,FALSE),0) -> 0 | S29: =IF(G29<=R29,"Met","Breached") -> Breached | T29: =IF(H29<=30,"Within Target","Late") -> Late | U29: =TEXT(B29,"yyyy-mm") -> 2025-11 | V29: =IF(I29>=4,"Good",IF(I29=3,"Average","Poor")) -> Good | W29: =IF(J29>=85,"Pass","Needs Coaching") -> Pass | X29: =IF(COUNTIF($A$2:$A$501,A29)>1,"Duplicate","Unique") -> Unique
A30: ='Raw Tickets'!$A$30 -> T00029 | B30: ='Raw Tickets'!$B$30 -> 45909 | C30: ='Raw Tickets'!$C$30 -> A005 | D30: ='Raw Tickets'!$D$30 -> Email | E30: ='Raw Tickets'!$E$30 -> Product Quality | F30: ='Raw Tickets'!$F$30 -> Low | G30: ='Raw Tickets'!$G$30 -> 30.1 | H30: ='Raw Tickets'!$H$30 -> 40 | I30: ='Raw Tickets'!$I$30 -> 5 | J30: ='Raw Tickets'!$J$30 -> 82.5 | K30: ='Raw Tickets'!$K$30 -> Closed | L30: ='Raw Tickets'!$L$30 -> No | M30: ='Raw Tickets'!$M$30 -> No | N30: =IFERROR(VLOOKUP(C30,Agents!$A$2:$E$26,2,FALSE),"") -> Aditi Verma | O30: =IFERROR(INDEX(Agents!$D$2:$D$26,MATCH(C30,Agents!$A$2:$A$26,0)),"") -> Email Support | P30: =IFERROR(VLOOKUP(C30,Agents!$A$2:$E$26,3,FALSE),"") -> Aman Verma | Q30: =IFERROR(VLOOKUP(C30,Agents!$A$2:$E$26,5,FALSE),"") -> Gurugram | R30: =IFERROR(VLOOKUP(F30,#REF!,2,FALSE),0) -> 0 | S30: =IF(G30<=R30,"Met","Breached") -> Breached | T30: =IF(H30<=30,"Within Target","Late") -> Late | U30: =TEXT(B30,"yyyy-mm") -> 2025-09 | V30: =IF(I30>=4,"Good",IF(I30=3,"Average","Poor")) -> Good | W30: =IF(J30>=85,"Pass","Needs Coaching") -> Needs Coaching | X30: =IF(COUNTIF($A$2:$A$501,A30)>1,"Duplicate","Unique") -> Unique
A31: ='Raw Tickets'!$A$31 -> T00030 | B31: ='Raw Tickets'!$B$31 -> 45751 | C31: ='Raw Tickets'!$C$31 -> A012 | D31: ='Raw Tickets'!$D$31 -> Chat | E31: ='Raw Tickets'!$E$31 -> Payment Failure | F31: ='Raw Tickets'!$F$31 -> Low | G31: ='Raw Tickets'!$G$31 -> 89.6 | H31: ='Raw Tickets'!$H$31 -> 50 | I31: ='Raw Tickets'!$I$31 -> 4 | J31: ='Raw Tickets'!$J$31 -> 94.8 | K31: ='Raw Tickets'!$K$31 -> Open | L31: ='Raw Tickets'!$L$31 -> No | M31: ='Raw Tickets'!$M$31 -> No | N31: =IFERROR(VLOOKUP(C31,Agents!$A$2:$E$26,2,FALSE),"") -> Ankit Khan | O31: =IFERROR(INDEX(Agents!$D$2:$D$26,MATCH(C31,Agents!$A$2:$A$26,0)),"") -> Chat Support | P31: =IFERROR(VLOOKUP(C31,Agents!$A$2:$E$26,3,FALSE),"") -> Nitin Gupta | Q31: =IFERROR(VLOOKUP(C31,Agents!$A$2:$E$26,5,FALSE),"") -> Bengaluru | R31: =IFERROR(VLOOKUP(F31,#REF!,2,FALSE),0) -> 0 | S31: =IF(G31<=R31,"Met","Breached") -> Breached | T31: =IF(H31<=30,"Within Target","Late") -> Late | U31: =TEXT(B31,"yyyy-mm") -> 2025-04 | V31: =IF(I31>=4,"Good",IF(I31=3,"Average","Poor")) -> Good | W31: =IF(J31>=85,"Pass","Needs Coaching") -> Pass | X31: =IF(COUNTIF($A$2:$A$501,A31)>1,"Duplicate","Unique") -> Unique
A32: ='Raw Tickets'!$A$32 -> T00031 | B32: ='Raw Tickets'!$B$32 -> 45665 | C32: ='Raw Tickets'!$C$32 -> A022 | D32: ='Raw Tickets'!$D$32 -> Call | E32: ='Raw Tickets'!$E$32 -> Order Cancellation | F32: ='Raw Tickets'!$F$32 -> Low | G32: ='Raw Tickets'!$G$32 -> 37.5 | H32: ='Raw Tickets'!$H$32 -> 51 | I32: ='Raw Tickets'!$I$32 -> 5 | J32: ='Raw Tickets'!$J$32 -> 85.8 | K32: ='Raw Tickets'!$K$32 -> Closed | L32: ='Raw Tickets'!$L$32 -> No | M32: ='Raw Tickets'!$M$32 -> No | N32: =IFERROR(VLOOKUP(C32,Agents!$A$2:$E$26,2,FALSE),"") -> Varun Sharma | O32: =IFERROR(INDEX(Agents!$D$2:$D$26,MATCH(C32,Agents!$A$2:$A$26,0)),"") -> Seller Support | P32: =IFERROR(VLOOKUP(C32,Agents!$A$2:$E$26,3,FALSE),"") -> Vivek Jain | Q32: =IFERROR(VLOOKUP(C32,Agents!$A$2:$E$26,5,FALSE),"") -> Noida | R32: =IFERROR(VLOOKUP(F32,#REF!,2,FALSE),0) -> 0 | S32: =IF(G32<=R32,"Met","Breached") -> Breached | T32: =IF(H32<=30,"Within Target","Late") -> Late | U32: =TEXT(B32,"yyyy-mm") -> 2025-01 | V32: =IF(I32>=4,"Good",IF(I32=3,"Average","Poor")) -> Good | W32: =IF(J32>=85,"Pass","Needs Coaching") -> Pass | X32: =IF(COUNTIF($A$2:$A$501,A32)>1,"Duplicate","Unique") -> Unique
A33: ='Raw Tickets'!$A$33 -> T00032 | B33: ='Raw Tickets'!$B$33 -> 46001 | C33: ='Raw Tickets'!$C$33 -> A004 | D33: ='Raw Tickets'!$D$33 -> Email | E33: ='Raw Tickets'!$E$33 -> Delivery Delay | F33: ='Raw Tickets'!$F$33 -> Low | G33: ='Raw Tickets'!$G$33 -> 59 | H33: ='Raw Tickets'!$H$33 -> 29 | I33: ='Raw Tickets'!$I$33 -> 5 | J33: ='Raw Tickets'!$J$33 -> 72.4 | K33: ='Raw Tickets'!$K$33 -> Closed | L33: ='Raw Tickets'!$L$33 -> No | M33: ='Raw Tickets'!$M$33 -> No | N33: =IFERROR(VLOOKUP(C33,Agents!$A$2:$E$26,2,FALSE),"") -> Arjun Agarwal | O33: =IFERROR(INDEX(Agents!$D$2:$D$26,MATCH(C33,Agents!$A$2:$A$26,0)),"") -> Email Support | P33: =IFERROR(VLOOKUP(C33,Agents!$A$2:$E$26,3,FALSE),"") -> Aman Verma | Q33: =IFERROR(VLOOKUP(C33,Agents!$A$2:$E$26,5,FALSE),"") -> Bengaluru | R33: =IFERROR(VLOOKUP(F33,#REF!,2,FALSE),0) -> 0 | S33: =IF(G33<=R33,"Met","Breached") -> Breached | T33: =IF(H33<=30,"Within Target","Late") -> Within Target | U33: =TEXT(B33,"yyyy-mm") -> 2025-12 | V33: =IF(I33>=4,"Good",IF(I33=3,"Average","Poor")) -> Good | W33: =IF(J33>=85,"Pass","Needs Coaching") -> Needs Coaching | X33: =IF(COUNTIF($A$2:$A$501,A33)>1,"Duplicate","Unique") -> Unique
A34: ='Raw Tickets'!$A$34 -> T00033 | B34: ='Raw Tickets'!$B$34 -> 45831 | C34: ='Raw Tickets'!$C$34 -> A017 | D34: ='Raw Tickets'!$D$34 -> Chat | E34: ='Raw Tickets'!$E$34 -> Delivery Delay | F34: ='Raw Tickets'!$F$34 -> High | G34: ='Raw Tickets'!$G$34 -> 11.3 | H34: ='Raw Tickets'!$H$34 -> 46 | I34: ='Raw Tickets'!$I$34 -> 5 | J34: ='Raw Tickets'!$J$34 -> 94.3 | K34: ='Raw Tickets'!$K$34 -> Closed | L34: ='Raw Tickets'!$L$34 -> No | M34: ='Raw Tickets'!$M$34 -> Yes | N34: =IFERROR(VLOOKUP(C34,Agents!$A$2:$E$26,2,FALSE),"") -> Varun Mehta | O34: =IFERROR(INDEX(Agents!$D$2:$D$26,MATCH(C34,Agents!$A$2:$A$26,0)),"") -> Escalations | P34: =IFERROR(VLOOKUP(C34,Agents!$A$2:$E$26,3,FALSE),"") -> Pallavi Rao | Q34: =IFERROR(VLOOKUP(C34,Agents!$A$2:$E$26,5,FALSE),"") -> Gurugram | R34: =IFERROR(VLOOKUP(F34,#REF!,2,FALSE),0) -> 0 | S34: =IF(G34<=R34,"Met","Breached") -> Breached | T34: =IF(H34<=30,"Within Target","Late") -> Late | U34: =TEXT(B34,"yyyy-mm") -> 2025-06 | V34: =IF(I34>=4,"Good",IF(I34=3,"Average","Poor")) -> Good | W34: =IF(J34>=85,"Pass","Needs Coaching") -> Pass | X34: =IF(COUNTIF($A$2:$A$501,A34)>1,"Duplicate","Unique") -> Unique
A35: ='Raw Tickets'!$A$35 -> T00034 | B35: ='Raw Tickets'!$B$35 -> 45728 | C35: ='Raw Tickets'!$C$35 -> A003 | D35: ='Raw Tickets'!$D$35 -> Chat | E35: ='Raw Tickets'!$E$35 -> Payment Failure | F35: ='Raw Tickets'!$F$35 -> Low | G35: ='Raw Tickets'!$G$35 -> 24.1 | H35: ='Raw Tickets'!$H$35 -> 49 | I35: ='Raw Tickets'!$I$35 -> 3 | J35: ='Raw Tickets'!$J$35 -> 90.1 | K35: ='Raw Tickets'!$K$35 -> Closed | L35: ='Raw Tickets'!$L$35 -> No | M35: ='Raw Tickets'!$M$35 -> No | N35: =IFERROR(VLOOKUP(C35,Agents!$A$2:$E$26,2,FALSE),"") -> Kabir Verma | O35: =IFERROR(INDEX(Agents!$D$2:$D$26,MATCH(C35,Agents!$A$2:$A$26,0)),"") -> Email Support | P35: =IFERROR(VLOOKUP(C35,Agents!$A$2:$E$26,3,FALSE),"") -> Aman Verma | Q35: =IFERROR(VLOOKUP(C35,Agents!$A$2:$E$26,5,FALSE),"") -> Gurugram | R35: =IFERROR(VLOOKUP(F35,#REF!,2,FALSE),0) -> 0 | S35: =IF(G35<=R35,"Met","Breached") -> Breached | T35: =IF(H35<=30,"Within Target","Late") -> Late | U35: =TEXT(B35,"yyyy-mm") -> 2025-03 | V35: =IF(I35>=4,"Good",IF(I35=3,"Average","Poor")) -> Average | W35: =IF(J35>=85,"Pass","Needs Coaching") -> Pass | X35: =IF(COUNTIF($A$2:$A$501,A35)>1,"Duplicate","Unique") -> Unique
A36: ='Raw Tickets'!$A$36 -> T00035 | B36: ='Raw Tickets'!$B$36 -> 45966 | C36: ='Raw Tickets'!$C$36 -> A014 | D36: ='Raw Tickets'!$D$36 -> Call | E36: ='Raw Tickets'!$E$36 -> Delivery Delay | F36: ='Raw Tickets'!$F$36 -> High | G36: ='Raw Tickets'!$G$36 -> 11.1 | H36: ='Raw Tickets'!$H$36 -> 50 | I36: ='Raw Tickets'!$I$36 -> 5 | J36: ='Raw Tickets'!$J$36 -> 75.9 | K36: ='Raw Tickets'!$K$36 -> Closed | L36: ='Raw Tickets'!$L$36 -> Yes | M36: ='Raw Tickets'!$M$36 -> Yes | N36: =IFERROR(VLOOKUP(C36,Agents!$A$2:$E$26,2,FALSE),"") -> Ananya Jain | O36: =IFERROR(INDEX(Agents!$D$2:$D$26,MATCH(C36,Agents!$A$2:$A$26,0)),"") -> Chat Support | P36: =IFERROR(VLOOKUP(C36,Agents!$A$2:$E$26,3,FALSE),"") -> Nitin Gupta | Q36: =IFERROR(VLOOKUP(C36,Agents!$A$2:$E$26,5,FALSE),"") -> Bengaluru | R36: =IFERROR(VLOOKUP(F36,#REF!,2,FALSE),0) -> 0 | S36: =IF(G36<=R36,"Met","Breached") -> Breached | T36: =IF(H36<=30,"Within Target","Late") -> Late | U36: =TEXT(B36,"yyyy-mm") -> 2025-11 | V36: =IF(I36>=4,"Good",IF(I36=3,"Average","Poor")) -> Good | W36: =IF(J36>=85,"Pass","Needs Coaching") -> Needs Coaching | X36: =IF(COUNTIF($A$2:$A$501,A36)>1,"Duplicate","Unique") -> Unique
A37: ='Raw Tickets'!$A$37 -> T00036 | B37: ='Raw Tickets'!$B$37 -> 45939 | C37: ='Raw Tickets'!$C$37 -> A005 | D37: ='Raw Tickets'!$D$37 -> Call | E37: ='Raw Tickets'!$E$37 -> Payment Failure | F37: ='Raw Tickets'!$F$37 -> Low | G37: ='Raw Tickets'!$G$37 -> 59.6 | H37: ='Raw Tickets'!$H$37 -> 61 | I37: ='Raw Tickets'!$I$37 -> 4 | J37: ='Raw Tickets'!$J$37 -> 75.8 | K37: ='Raw Tickets'!$K$37 -> Closed | L37: ='Raw Tickets'!$L$37 -> No | M37: ='Raw Tickets'!$M$37 -> No | N37: =IFERROR(VLOOKUP(C37,Agents!$A$2:$E$26,2,FALSE),"") -> Aditi Verma | O37: =IFERROR(INDEX(Agents!$D$2:$D$26,MATCH(C37,Agents!$A$2:$A$26,0)),"") -> Email Support | P37: =IFERROR(VLOOKUP(C37,Agents!$A$2:$E$26,3,FALSE),"") -> Aman Verma | Q37: =IFERROR(VLOOKUP(C37,Agents!$A$2:$E$26,5,FALSE),"") -> Gurugram | R37: =IFERROR(VLOOKUP(F37,#REF!,2,FALSE),0) -> 0 | S37: =IF(G37<=R37,"Met","Breached") -> Breached | T37: =IF(H37<=30,"Within Target","Late") -> Late | U37: =TEXT(B37,"yyyy-mm") -> 2025-10 | V37: =IF(I37>=4,"Good",IF(I37=3,"Average","Poor")) -> Good | W37: =IF(J37>=85,"Pass","Needs Coaching") -> Needs Coaching | X37: =IF(COUNTIF($A$2:$A$501,A37)>1,"Duplicate","Unique") -> Unique
A38: ='Raw Tickets'!$A$38 -> T00037 | B38: ='Raw Tickets'!$B$38 -> 45889 | C38: ='Raw Tickets'!$C$38 -> A017 | D38: ='Raw Tickets'!$D$38 -> Call | E38: ='Raw Tickets'!$E$38 -> Order Cancellation | F38: ='Raw Tickets'!$F$38 -> Medium | G38: ='Raw Tickets'!$G$38 -> 30.4 | H38: ='Raw Tickets'!$H$38 -> 25 | I38: ='Raw Tickets'!$I$38 -> 5 | J38: ='Raw Tickets'!$J$38 -> 93.5 | K38: ='Raw Tickets'!$K$38 -> Closed | L38: ='Raw Tickets'!$L$38 -> No | M38: ='Raw Tickets'!$M$38 -> No | N38: =IFERROR(VLOOKUP(C38,Agents!$A$2:$E$26,2,FALSE),"") -> Varun Mehta | O38: =IFERROR(INDEX(Agents!$D$2:$D$26,MATCH(C38,Agents!$A$2:$A$26,0)),"") -> Escalations | P38: =IFERROR(VLOOKUP(C38,Agents!$A$2:$E$26,3,FALSE),"") -> Pallavi Rao | Q38: =IFERROR(VLOOKUP(C38,Agents!$A$2:$E$26,5,FALSE),"") -> Gurugram | R38: =IFERROR(VLOOKUP(F38,#REF!,2,FALSE),0) -> 0 | S38: =IF(G38<=R38,"Met","Breached") -> Breached | T38: =IF(H38<=30,"Within Target","Late") -> Within Target | U38: =TEXT(B38,"yyyy-mm") -> 2025-08 | V38: =IF(I38>=4,"Good",IF(I38=3,"Average","Poor")) -> Good | W38: =IF(J38>=85,"Pass","Needs Coaching") -> Pass | X38: =IF(COUNTIF($A$2:$A$501,A38)>1,"Duplicate","Unique") -> Unique
A39: ='Raw Tickets'!$A$39 -> T00038 | B39: ='Raw Tickets'!$B$39 -> 45890 | C39: ='Raw Tickets'!$C$39 -> A004 | D39: ='Raw Tickets'!$D$39 -> Call | E39: ='Raw Tickets'!$E$39 -> Payment Failure | F39: ='Raw Tickets'!$F$39 -> High | G39: ='Raw Tickets'!$G$39 -> 12.3 | H39: ='Raw Tickets'!$H$39 -> 5 | I39: ='Raw Tickets'!$I$39 -> 4 | J39: ='Raw Tickets'!$J$39 -> 90.8 | K39: ='Raw Tickets'!$K$39 -> Open | L39: ='Raw Tickets'!$L$39 -> No | M39: ='Raw Tickets'!$M$39 -> No | N39: =IFERROR(VLOOKUP(C39,Agents!$A$2:$E$26,2,FALSE),"") -> Arjun Agarwal | O39: =IFERROR(INDEX(Agents!$D$2:$D$26,MATCH(C39,Agents!$A$2:$A$26,0)),"") -> Email Support | P39: =IFERROR(VLOOKUP(C39,Agents!$A$2:$E$26,3,FALSE),"") -> Aman Verma | Q39: =IFERROR(VLOOKUP(C39,Agents!$A$2:$E$26,5,FALSE),"") -> Bengaluru | R39: =IFERROR(VLOOKUP(F39,#REF!,2,FALSE),0) -> 0 | S39: =IF(G39<=R39,"Met","Breached") -> Breached | T39: =IF(H39<=30,"Within Target","Late") -> Within Target | U39: =TEXT(B39,"yyyy-mm") -> 2025-08 | V39: =IF(I39>=4,"Good",IF(I39=3,"Average","Poor")) -> Good | W39: =IF(J39>=85,"Pass","Needs Coaching") -> Pass | X39: =IF(COUNTIF($A$2:$A$501,A39)>1,"Duplicate","Unique") -> Unique
A40: ='Raw Tickets'!$A$40 -> T00039 | B40: ='Raw Tickets'!$B$40 -> 45687 | C40: ='Raw Tickets'!$C$40 -> A001 | D40: ='Raw Tickets'!$D$40 -> Email | E40: ='Raw Tickets'!$E$40 -> Product Quality | F40: ='Raw Tickets'!$F$40 -> Medium | G40: ='Raw Tickets'!$G$40 -> 28.3 | H40: ='Raw Tickets'!$H$40 -> 1 | I40: ='Raw Tickets'!$I$40 -> 5 | J40: ='Raw Tickets'!$J$40 -> 87.5 | K40: ='Raw Tickets'!$K$40 -> Closed | L40: ='Raw Tickets'!$L$40 -> No | M40: ='Raw Tickets'!$M$40 -> No | N40: =IFERROR(VLOOKUP(C40,Agents!$A$2:$E$26,2,FALSE),"") -> Ishita Patel | O40: =IFERROR(INDEX(Agents!$D$2:$D$26,MATCH(C40,Agents!$A$2:$A$26,0)),"") -> Email Support | P40: =IFERROR(VLOOKUP(C40,Agents!$A$2:$E$26,3,FALSE),"") -> Aman Verma | Q40: =IFERROR(VLOOKUP(C40,Agents!$A$2:$E$26,5,FALSE),"") -> Gurugram | R40: =IFERROR(VLOOKUP(F40,#REF!,2,FALSE),0) -> 0 | S40: =IF(G40<=R40,"Met","Breached") -> Breached | T40: =IF(H40<=30,"Within Target","Late") -> Within Target | U40: =TEXT(B40,"yyyy-mm") -> 2025-01 | V40: =IF(I40>=4,"Good",IF(I40=3,"Average","Poor")) -> Good | W40: =IF(J40>=85,"Pass","Needs Coaching") -> Pass | X40: =IF(COUNTIF($A$2:$A$501,A40)>1,"Duplicate","Unique") -> Unique
A41: ='Raw Tickets'!$A$41 -> T00040 | B41: ='Raw Tickets'!$B$41 -> 45820 | C41: ='Raw Tickets'!$C$41 -> A021 | D41: ='Raw Tickets'!$D$41 -> Call | E41: ='Raw Tickets'!$E$41 -> Product Quality | F41: ='Raw Tickets'!$F$41 -> High | G41: ='Raw Tickets'!$G$41 -> 7.7 | H41: ='Raw Tickets'!$H$41 -> 21 | I41: ='Raw Tickets'!$I$41 -> 5 | J41: ='Raw Tickets'!$J$41 -> 87.9 | K41: ='Raw Tickets'!$K$41 -> Closed | L41: ='Raw Tickets'!$L$41 -> No | M41: ='Raw Tickets'!$M$41 -> Yes | N41: =IFERROR(VLOOKUP(C41,Agents!$A$2:$E$26,2,FALSE),"") -> Nikhil Bansal | O41: =IFERROR(INDEX(Agents!$D$2:$D$26,MATCH(C41,Agents!$A$2:$A$26,0)),"") -> Seller Support | P41: =IFERROR(VLOOKUP(C41,Agents!$A$2:$E$26,3,FALSE),"") -> Vivek Jain | Q41: =IFERROR(VLOOKUP(C41,Agents!$A$2:$E$26,5,FALSE),"") -> Bengaluru | R41: =IFERROR(VLOOKUP(F41,#REF!,2,FALSE),0) -> 0 | S41: =IF(G41<=R41,"Met","Breached") -> Breached | T41: =IF(H41<=30,"Within Target","Late") -> Within Target | U41: =TEXT(B41,"yyyy-mm") -> 2025-06 | V41: =IF(I41>=4,"Good",IF(I41=3,"Average","Poor")) -> Good | W41: =IF(J41>=85,"Pass","Needs Coaching") -> Pass | X41: =IF(COUNTIF($A$2:$A$501,A41)>1,"Duplicate","Unique") -> Unique
A42: ='Raw Tickets'!$A$42 -> T00041 | B42: ='Raw Tickets'!$B$42 -> 45914 | C42: ='Raw Tickets'!$C$42 -> A010 | D42: ='Raw Tickets'!$D$42 -> Call | E42: ='Raw Tickets'!$E$42 -> Order Cancellation | F42: ='Raw Tickets'!$F$42 -> Medium | G42: ='Raw Tickets'!$G$42 -> 16.1 | H42: ='Raw Tickets'!$H$42 -> 23 | I42: ='Raw Tickets'!$I$42 -> 5 | J42: ='Raw Tickets'!$J$42 -> 75.5 | K42: ='Raw Tickets'!$K$42 -> Closed | L42: ='Raw Tickets'!$L$42 -> No | M42: ='Raw Tickets'!$M$42 -> No | N42: =IFERROR(VLOOKUP(C42,Agents!$A$2:$E$26,2,FALSE),"") -> Ananya Gupta | O42: =IFERROR(INDEX(Agents!$D$2:$D$26,MATCH(C42,Agents!$A$2:$A$26,0)),"") -> Voice Support | P42: =IFERROR(VLOOKUP(C42,Agents!$A$2:$E$26,3,FALSE),"") -> Kritika Shah | Q42: =IFERROR(VLOOKUP(C42,Agents!$A$2:$E$26,5,FALSE),"") -> Gurugram | R42: =IFERROR(VLOOKUP(F42,#REF!,2,FALSE),0) -> 0 | S42: =IF(G42<=R42,"Met","Breached") -> Breached | T42: =IF(H42<=30,"Within Target","Late") -> Within Target | U42: =TEXT(B42,"yyyy-mm") -> 2025-09 | V42: =IF(I42>=4,"Good",IF(I42=3,"Average","Poor")) -> Good | W42: =IF(J42>=85,"Pass","Needs Coaching") -> Needs Coaching | X42: =IF(COUNTIF($A$2:$A$501,A42)>1,"Duplicate","Unique") -> Unique
A43: ='Raw Tickets'!$A$43 -> T00042 | B43: ='Raw Tickets'!$B$43 -> 45986 | C43: ='Raw Tickets'!$C$43 -> A013 | D43: ='Raw Tickets'!$D$43 -> Email | E43: ='Raw Tickets'!$E$43 -> Account Issue | F43: ='Raw Tickets'!$F$43 -> High | G43: ='Raw Tickets'!$G$43 -> 16 | H43: ='Raw Tickets'!$H$43 -> 16 | I43: ='Raw Tickets'!$I$43 -> 1 | J43: ='Raw Tickets'!$J$43 -> 75.9 | K43: ='Raw Tickets'!$K$43 -> Closed | L43: ='Raw Tickets'!$L$43 -> No | M43: ='Raw Tickets'!$M$43 -> No | N43: =IFERROR(VLOOKUP(C43,Agents!$A$2:$E$26,2,FALSE),"") -> Ananya Jain | O43: =IFERROR(INDEX(Agents!$D$2:$D$26,MATCH(C43,Agents!$A$2:$A$26,0)),"") -> Chat Support | P43: =IFERROR(VLOOKUP(C43,Agents!$A$2:$E$26,3,FALSE),"") -> Nitin Gupta | Q43: =IFERROR(VLOOKUP(C43,Agents!$A$2:$E$26,5,FALSE),"") -> Hyderabad | R43: =IFERROR(VLOOKUP(F43,#REF!,2,FALSE),0) -> 0 | S43: =IF(G43<=R43,"Met","Breached") -> Breached | T43: =IF(H43<=30,"Within Target","Late") -> Within Target | U43: =TEXT(B43,"yyyy-mm") -> 2025-11 | V43: =IF(I43>=4,"Good",IF(I43=3,"Average","Poor")) -> Poor | W43: =IF(J43>=85,"Pass","Needs Coaching") -> Needs Coaching | X43: =IF(COUNTIF($A$2:$A$501,A43)>1,"Duplicate","Unique") -> Unique
A44: ='Raw Tickets'!$A$44 -> T00043 | B44: ='Raw Tickets'!$B$44 -> 45813 | C44: ='Raw Tickets'!$C$44 -> A022 | D44: ='Raw Tickets'!$D$44 -> Chat | E44: ='Raw Tickets'!$E$44 -> Payment Failure | F44: ='Raw Tickets'!$F$44 -> Low | G44: ='Raw Tickets'!$G$44 -> 66 | H44: ='Raw Tickets'!$H$44 -> 38 | I44: ='Raw Tickets'!$I$44 -> 5 | J44: ='Raw Tickets'!$J$44 -> 91.4 | K44: ='Raw Tickets'!$K$44 -> Closed | L44: ='Raw Tickets'!$L$44 -> No | M44: ='Raw Tickets'!$M$44 -> No | N44: =IFERROR(VLOOKUP(C44,Agents!$A$2:$E$26,2,FALSE),"") -> Varun Sharma | O44: =IFERROR(INDEX(Agents!$D$2:$D$26,MATCH(C44,Agents!$A$2:$A$26,0)),"") -> Seller Support | P44: =IFERROR(VLOOKUP(C44,Agents!$A$2:$E$26,3,FALSE),"") -> Vivek Jain | Q44: =IFERROR(VLOOKUP(C44,Agents!$A$2:$E$26,5,FALSE),"") -> Noida | R44: =IFERROR(VLOOKUP(F44,#REF!,2,FALSE),0) -> 0 | S44: =IF(G44<=R44,"Met","Breached") -> Breached | T44: =IF(H44<=30,"Within Target","Late") -> Late | U44: =TEXT(B44,"yyyy-mm") -> 2025-06 | V44: =IF(I44>=4,"Good",IF(I44=3,"Average","Poor")) -> Good | W44: =IF(J44>=85,"Pass","Needs Coaching") -> Pass | X44: =IF(COUNTIF($A$2:$A$501,A44)>1,"Duplicate","Unique") -> Unique
A45: ='Raw Tickets'!$A$45 -> T00044 | B45: ='Raw Tickets'!$B$45 -> 45863 | C45: ='Raw Tickets'!$C$45 -> A020 | D45: ='Raw Tickets'!$D$45 -> Call | E45: ='Raw Tickets'!$E$45 -> Delivery Delay | F45: ='Raw Tickets'!$F$45 -> High | G45: ='Raw Tickets'!$G$45 -> 6 | H45: ='Raw Tickets'!$H$45 -> 22 | I45: ='Raw Tickets'!$I$45 -> 4 | J45: ='Raw Tickets'!$J$45 -> 75.3 | K45: ='Raw Tickets'!$K$45 -> Closed | L45: ='Raw Tickets'!$L$45 -> No | M45: ='Raw Tickets'!$M$45 -> No | N45: =IFERROR(VLOOKUP(C45,Agents!$A$2:$E$26,2,FALSE),"") -> Aditi Bansal | O45: =IFERROR(INDEX(Agents!$D$2:$D$26,MATCH(C45,Agents!$A$2:$A$26,0)),"") -> Escalations | P45: =IFERROR(VLOOKUP(C45,Agents!$A$2:$E$26,3,FALSE),"") -> Pallavi Rao | Q45: =IFERROR(VLOOKUP(C45,Agents!$A$2:$E$26,5,FALSE),"") -> Noida | R45: =IFERROR(VLOOKUP(F45,#REF!,2,FALSE),0) -> 0 | S45: =IF(G45<=R45,"Met","Breached") -> Breached | T45: =IF(H45<=30,"Within Target","Late") -> Within Target | U45: =TEXT(B45,"yyyy-mm") -> 2025-07 | V45: =IF(I45>=4,"Good",IF(I45=3,"Average","Poor")) -> Good | W45: =IF(J45>=85,"Pass","Needs Coaching") -> Needs Coaching | X45: =IF(COUNTIF($A$2:$A$501,A45)>1,"Duplicate","Unique") -> Unique
A46: ='Raw Tickets'!$A$46 -> T00045 | B46: ='Raw Tickets'!$B$46 -> 45705 | C46: ='Raw Tickets'!$C$46 -> A002 | D46: ='Raw Tickets'!$D$46 -> Call | E46: ='Raw Tickets'!$E$46 -> Product Quality | F46: ='Raw Tickets'!$F$46 -> High | G46: ='Raw Tickets'!$G$46 -> 8.5 | H46: ='Raw Tickets'!$H$46 -> 38 | I46: ='Raw Tickets'!$I$46 -> 5 | J46: ='Raw Tickets'!$J$46 -> 84.7 | K46: ='Raw Tickets'!$K$46 -> Closed | L46: ='Raw Tickets'!$L$46 -> No | M46: ='Raw Tickets'!$M$46 -> No | N46: =IFERROR(VLOOKUP(C46,Agents!$A$2:$E$26,2,FALSE),"") -> Gaurav Khan | O46: =IFERROR(INDEX(Agents!$D$2:$D$26,MATCH(C46,Agents!$A$2:$A$26,0)),"") -> Email Support | P46: =IFERROR(VLOOKUP(C46,Agents!$A$2:$E$26,3,FALSE),"") -> Aman Verma | Q46: =IFERROR(VLOOKUP(C46,Agents!$A$2:$E$26,5,FALSE),"") -> Noida | R46: =IFERROR(VLOOKUP(F46,#REF!,2,FALSE),0) -> 0 | S46: =IF(G46<=R46,"Met","Breached") -> Breached | T46: =IF(H46<=30,"Within Target","Late") -> Late | U46: =TEXT(B46,"yyyy-mm") -> 2025-02 | V46: =IF(I46>=4,"Good",IF(I46=3,"Average","Poor")) -> Good | W46: =IF(J46>=85,"Pass","Needs Coaching") -> Needs Coaching | X46: =IF(COUNTIF($A$2:$A$501,A46)>1,"Duplicate","Unique") -> Unique
A47: ='Raw Tickets'!$A$47 -> T00046 | B47: ='Raw Tickets'!$B$47 -> 45726 | C47: ='Raw Tickets'!$C$47 -> A017 | D47: ='Raw Tickets'!$D$47 -> Chat | E47: ='Raw Tickets'!$E$47 -> Order Cancellation | F47: ='Raw Tickets'!$F$47 -> Medium | G47: ='Raw Tickets'!$G$47 -> 31.7 | H47: ='Raw Tickets'!$H$47 -> 42 | I47: ='Raw Tickets'!$I$47 -> 5 | J47: ='Raw Tickets'!$J$47 -> 81.2 | K47: ='Raw Tickets'!$K$47 -> Closed | L47: ='Raw Tickets'!$L$47 -> No | M47: ='Raw Tickets'!$M$47 -> No | N47: =IFERROR(VLOOKUP(C47,Agents!$A$2:$E$26,2,FALSE),"") -> Varun Mehta | O47: =IFERROR(INDEX(Agents!$D$2:$D$26,MATCH(C47,Agents!$A$2:$A$26,0)),"") -> Escalations | P47: =IFERROR(VLOOKUP(C47,Agents!$A$2:$E$26,3,FALSE),"") -> Pallavi Rao | Q47: =IFERROR(VLOOKUP(C47,Agents!$A$2:$E$26,5,FALSE),"") -> Gurugram | R47: =IFERROR(VLOOKUP(F47,#REF!,2,FALSE),0) -> 0 | S47: =IF(G47<=R47,"Met","Breached") -> Breached | T47: =IF(H47<=30,"Within Target","Late") -> Late | U47: =TEXT(B47,"yyyy-mm") -> 2025-03 | V47: =IF(I47>=4,"Good",IF(I47=3,"Average","Poor")) -> Good | W47: =IF(J47>=85,"Pass","Needs Coaching") -> Needs Coaching | X47: =IF(COUNTIF($A$2:$A$501,A47)>1,"Duplicate","Unique") -> Unique
A48: ='Raw Tickets'!$A$48 -> T00047 | B48: ='Raw Tickets'!$B$48 -> 45874 | C48: ='Raw Tickets'!$C$48 -> A023 | D48: ='Raw Tickets'!$D$48 -> Email | E48: ='Raw Tickets'!$E$48 -> Refund | F48: ='Raw Tickets'!$F$48 -> Low | G48: ='Raw Tickets'!$G$48 -> 39.8 | H48: ='Raw Tickets'!$H$48 -> 26 | I48: ='Raw Tickets'!$I$48 -> 5 | J48: ='Raw Tickets'!$J$48 -> 81.5 | K48: ='Raw Tickets'!$K$48 -> Closed | L48: ='Raw Tickets'!$L$48 -> No | M48: ='Raw Tickets'!$M$48 -> No | N48: =IFERROR(VLOOKUP(C48,Agents!$A$2:$E$26,2,FALSE),"") -> Ishita Verma | O48: =IFERROR(INDEX(Agents!$D$2:$D$26,MATCH(C48,Agents!$A$2:$A$26,0)),"") -> Seller Support | P48: =IFERROR(VLOOKUP(C48,Agents!$A$2:$E$26,3,FALSE),"") -> Vivek Jain | Q48: =IFERROR(VLOOKUP(C48,Agents!$A$2:$E$26,5,FALSE),"") -> Noida | R48: =IFERROR(VLOOKUP(F48,#REF!,2,FALSE),0) -> 0 | S48: =IF(G48<=R48,"Met","Breached") -> Breached | T48: =IF(H48<=30,"Within Target","Late") -> Within Target | U48: =TEXT(B48,"yyyy-mm") -> 2025-08 | V48: =IF(I48>=4,"Good",IF(I48=3,"Average","Poor")) -> Good | W48: =IF(J48>=85,"Pass","Needs Coaching") -> Needs Coaching | X48: =IF(COUNTIF($A$2:$A$501,A48)>1,"Duplicate","Unique") -> Unique
A49: ='Raw Tickets'!$A$49 -> T00048 | B49: ='Raw Tickets'!$B$49 -> 45984 | C49: ='Raw Tickets'!$C$49 -> A016 | D49: ='Raw Tickets'!$D$49 -> Email | E49: ='Raw Tickets'!$E$49 -> Delivery Delay | F49: ='Raw Tickets'!$F$49 -> High | G49: ='Raw Tickets'!$G$49 -> 8.7 | H49: ='Raw Tickets'!$H$49 -> 2 | I49: ='Raw Tickets'!$I$49 -> 5 | J49: ='Raw Tickets'!$J$49 -> 93.4 | K49: ='Raw Tickets'!$K$49 -> Closed | L49: ='Raw Tickets'!$L$49 -> No | M49: ='Raw Tickets'!$M$49 -> No | N49: =IFERROR(VLOOKUP(C49,Agents!$A$2:$E$26,2,FALSE),"") -> Pooja Bansal | O49: =IFERROR(INDEX(Agents!$D$2:$D$26,MATCH(C49,Agents!$A$2:$A$26,0)),"") -> Escalations | P49: =IFERROR(VLOOKUP(C49,Agents!$A$2:$E$26,3,FALSE),"") -> Pallavi Rao | Q49: =IFERROR(VLOOKUP(C49,Agents!$A$2:$E$26,5,FALSE),"") -> Hyderabad | R49: =IFERROR(VLOOKUP(F49,#REF!,2,FALSE),0) -> 0 | S49: =IF(G49<=R49,"Met","Breached") -> Breached | T49: =IF(H49<=30,"Within Target","Late") -> Within Target | U49: =TEXT(B49,"yyyy-mm") -> 2025-11 | V49: =IF(I49>=4,"Good",IF(I49=3,"Average","Poor")) -> Good | W49: =IF(J49>=85,"Pass","Needs Coaching") -> Pass | X49: =IF(COUNTIF($A$2:$A$501,A49)>1,"Duplicate","Unique") -> Unique
A50: ='Raw Tickets'!$A$50 -> T00049 | B50: ='Raw Tickets'!$B$50 -> 45677 | C50: ='Raw Tickets'!$C$50 -> A003 | D50: ='Raw Tickets'!$D$50 -> Chat | E50: ='Raw Tickets'!$E$50 -> Product Quality | F50: ='Raw Tickets'!$F$50 -> Medium | G50: ='Raw Tickets'!$G$50 -> 24.3 | H50: ='Raw Tickets'!$H$50 -> 50 | I50: ='Raw Tickets'!$I$50 -> 5 | J50: ='Raw Tickets'!$J$50 -> 98.2 | K50: ='Raw Tickets'!$K$50 -> Closed | L50: ='Raw Tickets'!$L$50 -> No | M50: ='Raw Tickets'!$M$50 -> No | N50: =IFERROR(VLOOKUP(C50,Agents!$A$2:$E$26,2,FALSE),"") -> Kabir Verma | O50: =IFERROR(INDEX(Agents!$D$2:$D$26,MATCH(C50,Agents!$A$2:$A$26,0)),"") -> Email Support | P50: =IFERROR(VLOOKUP(C50,Agents!$A$2:$E$26,3,FALSE),"") -> Aman Verma | Q50: =IFERROR(VLOOKUP(C50,Agents!$A$2:$E$26,5,FALSE),"") -> Gurugram | R50: =IFERROR(VLOOKUP(F50,#REF!,2,FALSE),0) -> 0 | S50: =IF(G50<=R50,"Met","Breached") -> Breached | T50: =IF(H50<=30,"Within Target","Late") -> Late | U50: =TEXT(B50,"yyyy-mm") -> 2025-01 | V50: =IF(I50>=4,"Good",IF(I50=3,"Average","Poor")) -> Good | W50: =IF(J50>=85,"Pass","Needs Coaching") -> Pass | X50: =IF(COUNTIF($A$2:$A$501,A50)>1,"Duplicate","Unique") -> Unique
A51: ='Raw Tickets'!$A$51 -> T00050 | B51: ='Raw Tickets'!$B$51 -> 45662 | C51: ='Raw Tickets'!$C$51 -> A016 | D51: ='Raw Tickets'!$D$51 -> Email | E51: ='Raw Tickets'!$E$51 -> Payment Failure | F51: ='Raw Tickets'!$F$51 -> Medium | G51: ='Raw Tickets'!$G$51 -> 26.1 | H51: ='Raw Tickets'!$H$51 -> 39 | I51: ='Raw Tickets'!$I$51 -> 4 | J51: ='Raw Tickets'!$J$51 -> 89 | K51: ='Raw Tickets'!$K$51 -> Closed | L51: ='Raw Tickets'!$L$51 -> No | M51: ='Raw Tickets'!$M$51 -> No | N51: =IFERROR(VLOOKUP(C51,Agents!$A$2:$E$26,2,FALSE),"") -> Pooja Bansal | O51: =IFERROR(INDEX(Agents!$D$2:$D$26,MATCH(C51,Agents!$A$2:$A$26,0)),"") -> Escalations | P51: =IFERROR(VLOOKUP(C51,Agents!$A$2:$E$26,3,FALSE),"") -> Pallavi Rao | Q51: =IFERROR(VLOOKUP(C51,Agents!$A$2:$E$26,5,FALSE),"") -> Hyderabad | R51: =IFERROR(VLOOKUP(F51,#REF!,2,FALSE),0) -> 0 | S51: =IF(G51<=R51,"Met","Breached") -> Breached | T51: =IF(H51<=30,"Within Target","Late") -> Late | U51: =TEXT(B51,"yyyy-mm") -> 2025-01 | V51: =IF(I51>=4,"Good",IF(I51=3,"Average","Poor")) -> Good | W51: =IF(J51>=85,"Pass","Needs Coaching") -> Pass | X51: =IF(COUNTIF($A$2:$A$501,A51)>1,"Duplicate","Unique") -> Unique
A52: ='Raw Tickets'!$A$52 -> T00051 | B52: ='Raw Tickets'!$B$52 -> 46016 | C52: ='Raw Tickets'!$C$52 -> A011 | D52: ='Raw Tickets'!$D$52 -> Email | E52: ='Raw Tickets'!$E$52 -> Product Quality | F52: ='Raw Tickets'!$F$52 -> Low | G52: ='Raw Tickets'!$G$52 -> 38.2 | H52: ='Raw Tickets'!$H$52 -> 1 | I52: ='Raw Tickets'!$I$52 -> 3 | J52: ='Raw Tickets'!$J$52 -> 100 | K52: ='Raw Tickets'!$K$52 -> Closed | L52: ='Raw Tickets'!$L$52 -> No | M52: ='Raw Tickets'!$M$52 -> No | N52: =IFERROR(VLOOKUP(C52,Agents!$A$2:$E$26,2,FALSE),"") -> Shreya Singh | O52: =IFERROR(INDEX(Agents!$D$2:$D$26,MATCH(C52,Agents!$A$2:$A$26,0)),"") -> Chat Support | P52: =IFERROR(VLOOKUP(C52,Agents!$A$2:$E$26,3,FALSE),"") -> Nitin Gupta | Q52: =IFERROR(VLOOKUP(C52,Agents!$A$2:$E$26,5,FALSE),"") -> Noida | R52: =IFERROR(VLOOKUP(F52,#REF!,2,FALSE),0) -> 0 | S52: =IF(G52<=R52,"Met","Breached") -> Breached | T52: =IF(H52<=30,"Within Target","Late") -> Within Target | U52: =TEXT(B52,"yyyy-mm") -> 2025-12 | V52: =IF(I52>=4,"Good",IF(I52=3,"Average","Poor")) -> Average | W52: =IF(J52>=85,"Pass","Needs Coaching") -> Pass | X52: =IF(COUNTIF($A$2:$A$501,A52)>1,"Duplicate","Unique") -> Unique
A53: ='Raw Tickets'!$A$53 -> T00052 | B53: ='Raw Tickets'!$B$53 -> 45704 | C53: ='Raw Tickets'!$C$53 -> A002 | D53: ='Raw Tickets'!$D$53 -> Chat | E53: ='Raw Tickets'!$E$53 -> Account Issue | F53: ='Raw Tickets'!$F$53 -> Medium | G53: ='Raw Tickets'!$G$53 -> 19.6 | H53: ='Raw Tickets'!$H$53 -> 42 | I53: ='Raw Tickets'!$I$53 -> 4 | J53: ='Raw Tickets'!$J$53 -> 100 | K53: ='Raw Tickets'!$K$53 -> Closed | L53: ='Raw Tickets'!$L$53 -> No | M53: ='Raw Tickets'!$M$53 -> No | N53: =IFERROR(VLOOKUP(C53,Agents!$A$2:$E$26,2,FALSE),"") -> Gaurav Khan | O53: =IFERROR(INDEX(Agents!$D$2:$D$26,MATCH(C53,Agents!$A$2:$A$26,0)),"") -> Email Support | P53: =IFERROR(VLOOKUP(C53,Agents!$A$2:$E$26,3,FALSE),"") -> Aman Verma | Q53: =IFERROR(VLOOKUP(C53,Agents!$A$2:$E$26,5,FALSE),"") -> Noida | R53: =IFERROR(VLOOKUP(F53,#REF!,2,FALSE),0) -> 0 | S53: =IF(G53<=R53,"Met","Breached") -> Breached | T53: =IF(H53<=30,"Within Target","Late") -> Late | U53: =TEXT(B53,"yyyy-mm") -> 2025-02 | V53: =IF(I53>=4,"Good",IF(I53=3,"Average","Poor")) -> Good | W53: =IF(J53>=85,"Pass","Needs Coaching") -> Pass | X53: =IF(COUNTIF($A$2:$A$501,A53)>1,"Duplicate","Unique") -> Unique
A54: ='Raw Tickets'!$A$54 -> T00053 | B54: ='Raw Tickets'!$B$54 -> 45735 | C54: ='Raw Tickets'!$C$54 -> A020 | D54: ='Raw Tickets'!$D$54 -> Email | E54: ='Raw Tickets'!$E$54 -> Delivery Delay | F54: ='Raw Tickets'!$F$54 -> Low | G54: ='Raw Tickets'!$G$54 -> 65.4 | H54: ='Raw Tickets'!$H$54 -> 31 | I54: ='Raw Tickets'!$I$54 -> 2 | J54: ='Raw Tickets'!$J$54 -> 80.5 | K54: ='Raw Tickets'!$K$54 -> Closed | L54: ='Raw Tickets'!$L$54 -> No | M54: ='Raw Tickets'!$M$54 -> No | N54: =IFERROR(VLOOKUP(C54,Agents!$A$2:$E$26,2,FALSE),"") -> Aditi Bansal | O54: =IFERROR(INDEX(Agents!$D$2:$D$26,MATCH(C54,Agents!$A$2:$A$26,0)),"") -> Escalations | P54: =IFERROR(VLOOKUP(C54,Agents!$A$2:$E$26,3,FALSE),"") -> Pallavi Rao | Q54: =IFERROR(VLOOKUP(C54,Agents!$A$2:$E$26,5,FALSE),"") -> Noida | R54: =IFERROR(VLOOKUP(F54,#REF!,2,FALSE),0) -> 0 | S54: =IF(G54<=R54,"Met","Breached") -> Breached | T54: =IF(H54<=30,"Within Target","Late") -> Late | U54: =TEXT(B54,"yyyy-mm") -> 2025-03 | V54: =IF(I54>=4,"Good",IF(I54=3,"Average","Poor")) -> Poor | W54: =IF(J54>=85,"Pass","Needs Coaching") -> Needs Coaching | X54: =IF(COUNTIF($A$2:$A$501,A54)>1,"Duplicate","Unique") -> Unique
A55: ='Raw Tickets'!$A$55 -> T00054 | B55: ='Raw Tickets'!$B$55 -> 45875 | C55: ='Raw Tickets'!$C$55 -> A025 | D55: ='Raw Tickets'!$D$55 -> Chat | E55: ='Raw Tickets'!$E$55 -> Delivery Delay | F55: ='Raw Tickets'!$F$55 -> Low | G55: ='Raw Tickets'!$G$55 -> 36.8 | H55: ='Raw Tickets'!$H$55 -> 6 | I55: ='Raw Tickets'!$I$55 -> 2 | J55: ='Raw Tickets'!$J$55 -> 100 | K55: ='Raw Tickets'!$K$55 -> Closed | L55: ='Raw Tickets'!$L$55 -> No | M55: ='Raw Tickets'!$M$55 -> No | N55: =IFERROR(VLOOKUP(C55,Agents!$A$2:$E$26,2,FALSE),"") -> Arjun Nair | O55: =IFERROR(INDEX(Agents!$D$2:$D$26,MATCH(C55,Agents!$A$2:$A$26,0)),"") -> Seller Support | P55: =IFERROR(VLOOKUP(C55,Agents!$A$2:$E$26,3,FALSE),"") -> Vivek Jain | Q55: =IFERROR(VLOOKUP(C55,Agents!$A$2:$E$26,5,FALSE),"") -> Noida | R55: =IFERROR(VLOOKUP(F55,#REF!,2,FALSE),0) -> 0 | S55: =IF(G55<=R55,"Met","Breached") -> Breached | T55: =IF(H55<=30,"Within Target","Late") -> Within Target | U55: =TEXT(B55,"yyyy-mm") -> 2025-08 | V55: =IF(I55>=4,"Good",IF(I55=3,"Average","Poor")) -> Poor | W55: =IF(J55>=85,"Pass","Needs Coaching") -> Pass | X55: =IF(COUNTIF($A$2:$A$501,A55)>1,"Duplicate","Unique") -> Unique
A56: ='Raw Tickets'!$A$56 -> T00055 | B56: ='Raw Tickets'!$B$56 -> 46010 | C56: ='Raw Tickets'!$C$56 -> A002 | D56: ='Raw Tickets'!$D$56 -> Call | E56: ='Raw Tickets'!$E$56 -> Account Issue | F56: ='Raw Tickets'!$F$56 -> Medium | G56: ='Raw Tickets'!$G$56 -> 24.3 | H56: ='Raw Tickets'!$H$56 -> 6 | I56: ='Raw Tickets'!$I$56 -> 5 | J56: ='Raw Tickets'!$J$56 -> 82.3 | K56: ='Raw Tickets'!$K$56 -> Closed | L56: ='Raw Tickets'!$L$56 -> No | M56: ='Raw Tickets'!$M$56 -> No | N56: =IFERROR(VLOOKUP(C56,Agents!$A$2:$E$26,2,FALSE),"") -> Gaurav Khan | O56: =IFERROR(INDEX(Agents!$D$2:$D$26,MATCH(C56,Agents!$A$2:$A$26,0)),"") -> Email Support | P56: =IFERROR(VLOOKUP(C56,Agents!$A$2:$E$26,3,FALSE),"") -> Aman Verma | Q56: =IFERROR(VLOOKUP(C56,Agents!$A$2:$E$26,5,FALSE),"") -> Noida | R56: =IFERROR(VLOOKUP(F56,#REF!,2,FALSE),0) -> 0 | S56: =IF(G56<=R56,"Met","Breached") -> Breached | T56: =IF(H56<=30,"Within Target","Late") -> Within Target | U56: =TEXT(B56,"yyyy-mm") -> 2025-12 | V56: =IF(I56>=4,"Good",IF(I56=3,"Average","Poor")) -> Good | W56: =IF(J56>=85,"Pass","Needs Coaching") -> Needs Coaching | X56: =IF(COUNTIF($A$2:$A$501,A56)>1,"Duplicate","Unique") -> Unique
A57: ='Raw Tickets'!$A$57 -> T00056 | B57: ='Raw Tickets'!$B$57 -> 45839 | C57: ='Raw Tickets'!$C$57 -> A006 | D57: ='Raw Tickets'!$D$57 -> Call | E57: ='Raw Tickets'!$E$57 -> Payment Failure | F57: ='Raw Tickets'!$F$57 -> Low | G57: ='Raw Tickets'!$G$57 -> 57.6 | H57: ='Raw Tickets'!$H$57 -> 45 | I57: ='Raw Tickets'!$I$57 -> 4 | J57: ='Raw Tickets'!$J$57 -> 82.5 | K57: ='Raw Tickets'!$K$57 -> Closed | L57: ='Raw Tickets'!$L$57 -> No | M57: ='Raw Tickets'!$M$57 -> No | N57: =IFERROR(VLOOKUP(C57,Agents!$A$2:$E$26,2,FALSE),"") -> Divya Shah | O57: =IFERROR(INDEX(Agents!$D$2:$D$26,MATCH(C57,Agents!$A$2:$A$26,0)),"") -> Voice Support | P57: =IFERROR(VLOOKUP(C57,Agents!$A$2:$E$26,3,FALSE),"") -> Kritika Shah | Q57: =IFERROR(VLOOKUP(C57,Agents!$A$2:$E$26,5,FALSE),"") -> Gurugram | R57: =IFERROR(VLOOKUP(F57,#REF!,2,FALSE),0) -> 0 | S57: =IF(G57<=R57,"Met","Breached") -> Breached | T57: =IF(H57<=30,"Within Target","Late") -> Late | U57: =TEXT(B57,"yyyy-mm") -> 2025-07 | V57: =IF(I57>=4,"Good",IF(I57=3,"Average","Poor")) -> Good | W57: =IF(J57>=85,"Pass","Needs Coaching") -> Needs Coaching | X57: =IF(COUNTIF($A$2:$A$501,A57)>1,"Duplicate","Unique") -> Unique
A58: ='Raw Tickets'!$A$58 -> T00057 | B58: ='Raw Tickets'!$B$58 -> 45908 | C58: ='Raw Tickets'!$C$58 -> A007 | D58: ='Raw Tickets'!$D$58 -> Email | E58: ='Raw Tickets'!$E$58 -> Delivery Delay | F58: ='Raw Tickets'!$F$58 -> Low | G58: ='Raw Tickets'!$G$58 -> 36.4 | H58: ='Raw Tickets'!$H$58 -> 92 | I58: ='Raw Tickets'!$I$58 -> 1 | J58: ='Raw Tickets'!$J$58 -> 81.8 | K58: ='Raw Tickets'!$K$58 -> Closed | L58: ='Raw Tickets'!$L$58 -> No | M58: ='Raw Tickets'!$M$58 -> No | N58: =IFERROR(VLOOKUP(C58,Agents!$A$2:$E$26,2,FALSE),"") -> Kavya Patel | O58: =IFERROR(INDEX(Agents!$D$2:$D$26,MATCH(C58,Agents!$A$2:$A$26,0)),"") -> Voice Support | P58: =IFERROR(VLOOKUP(C58,Agents!$A$2:$E$26,3,FALSE),"") -> Kritika Shah | Q58: =IFERROR(VLOOKUP(C58,Agents!$A$2:$E$26,5,FALSE),"") -> Noida | R58: =IFERROR(VLOOKUP(F58,#REF!,2,FALSE),0) -> 0 | S58: =IF(G58<=R58,"Met","Breached") -> Breached | T58: =IF(H58<=30,"Within Target","Late") -> Late | U58: =TEXT(B58,"yyyy-mm") -> 2025-09 | V58: =IF(I58>=4,"Good",IF(I58=3,"Average","Poor")) -> Poor | W58: =IF(J58>=85,"Pass","Needs Coaching") -> Needs Coaching | X58: =IF(COUNTIF($A$2:$A$501,A58)>1,"Duplicate","Unique") -> Unique
A59: ='Raw Tickets'!$A$59 -> T00058 | B59: ='Raw Tickets'!$B$59 -> 45894 | C59: ='Raw Tickets'!$C$59 -> A017 | D59: ='Raw Tickets'!$D$59 -> Email | E59: ='Raw Tickets'!$E$59 -> Order Cancellation | F59: ='Raw Tickets'!$F$59 -> Low | G59: ='Raw Tickets'!$G$59 -> 34.8 | H59: ='Raw Tickets'!$H$59 -> 22 | I59: ='Raw Tickets'!$I$59 -> 4 | J59: ='Raw Tickets'!$J$59 -> 87.3 | K59: ='Raw Tickets'!$K$59 -> Closed | L59: ='Raw Tickets'!$L$59 -> No | M59: ='Raw Tickets'!$M$59 -> No | N59: =IFERROR(VLOOKUP(C59,Agents!$A$2:$E$26,2,FALSE),"") -> Varun Mehta | O59: =IFERROR(INDEX(Agents!$D$2:$D$26,MATCH(C59,Agents!$A$2:$A$26,0)),"") -> Escalations | P59: =IFERROR(VLOOKUP(C59,Agents!$A$2:$E$26,3,FALSE),"") -> Pallavi Rao | Q59: =IFERROR(VLOOKUP(C59,Agents!$A$2:$E$26,5,FALSE),"") -> Gurugram | R59: =IFERROR(VLOOKUP(F59,#REF!,2,FALSE),0) -> 0 | S59: =IF(G59<=R59,"Met","Breached") -> Breached | T59: =IF(H59<=30,"Within Target","Late") -> Within Target | U59: =TEXT(B59,"yyyy-mm") -> 2025-08 | V59: =IF(I59>=4,"Good",IF(I59=3,"Average","Poor")) -> Good | W59: =IF(J59>=85,"Pass","Needs Coaching") -> Pass | X59: =IF(COUNTIF($A$2:$A$501,A59)>1,"Duplicate","Unique") -> Unique
A60: ='Raw Tickets'!$A$60 -> T00059 | B60: ='Raw Tickets'!$B$60 -> 46000 | C60: ='Raw Tickets'!$C$60 -> A015 | D60: ='Raw Tickets'!$D$60 -> Call | E60: ='Raw Tickets'!$E$60 -> Product Quality | F60: ='Raw Tickets'!$F$60 -> High | G60: ='Raw Tickets'!$G$60 -> 3.2 | H60: ='Raw Tickets'!$H$60 -> 17 | I60: ='Raw Tickets'!$I$60 -> 4 | J60: ='Raw Tickets'!$J$60 -> 89.4 | K60: ='Raw Tickets'!$K$60 -> Closed | L60: ='Raw Tickets'!$L$60 -> No | M60: ='Raw Tickets'!$M$60 -> No | N60: =IFERROR(VLOOKUP(C60,Agents!$A$2:$E$26,2,FALSE),"") -> Neha Jain | O60: =IFERROR(INDEX(Agents!$D$2:$D$26,MATCH(C60,Agents!$A$2:$A$26,0)),"") -> Chat Support | P60: =IFERROR(VLOOKUP(C60,Agents!$A$2:$E$26,3,FALSE),"") -> Nitin Gupta | Q60: =IFERROR(VLOOKUP(C60,Agents!$A$2:$E$26,5,FALSE),"") -> Bengaluru | R60: =IFERROR(VLOOKUP(F60,#REF!,2,FALSE),0) -> 0 | S60: =IF(G60<=R60,"Met","Breached") -> Breached | T60: =IF(H60<=30,"Within Target","Late") -> Within Target | U60: =TEXT(B60,"yyyy-mm") -> 2025-12 | V60: =IF(I60>=4,"Good",IF(I60=3,"Average","Poor")) -> Good | W60: =IF(J60>=85,"Pass","Needs Coaching") -> Pass | X60: =IF(COUNTIF($A$2:$A$501,A60)>1,"Duplicate","Unique") -> Unique
A61: ='Raw Tickets'!$A$61 -> T00060 | B61: ='Raw Tickets'!$B$61 -> 45952 | C61: ='Raw Tickets'!$C$61 -> A008 | D61: ='Raw Tickets'!$D$61 -> Email | E61: ='Raw Tickets'!$E$61 -> Account Issue | F61: ='Raw Tickets'!$F$61 -> Medium | G61: ='Raw Tickets'!$G$61 -> 29.1 | H61: ='Raw Tickets'!$H$61 -> 63 | I61: ='Raw Tickets'!$I$61 -> 2 | J61: ='Raw Tickets'!$J$61 -> 79.7 | K61: ='Raw Tickets'!$K$61 -> Closed | L61: ='Raw Tickets'!$L$61 -> No | M61: ='Raw Tickets'!$M$61 -> No | N61: =IFERROR(VLOOKUP(C61,Agents!$A$2:$E$26,2,FALSE),"") -> Ananya Mishra | O61: =IFERROR(INDEX(Agents!$D$2:$D$26,MATCH(C61,Agents!$A$2:$A$26,0)),"") -> Voice Support | P61: =IFERROR(VLOOKUP(C61,Agents!$A$2:$E$26,3,FALSE),"") -> Kritika Shah | Q61: =IFERROR(VLOOKUP(C61,Agents!$A$2:$E$26,5,FALSE),"") -> Hyderabad | R61: =IFERROR(VLOOKUP(F61,#REF!,2,FALSE),0) -> 0 | S61: =IF(G61<=R61,"Met","Breached") -> Breached | T61: =IF(H61<=30,"Within Target","Late") -> Late | U61: =TEXT(B61,"yyyy-mm") -> 2025-10 | V61: =IF(I61>=4,"Good",IF(I61=3,"Average","Poor")) -> Poor | W61: =IF(J61>=85,"Pass","Needs Coaching") -> Needs Coaching | X61: =IF(COUNTIF($A$2:$A$501,A61)>1,"Duplicate","Unique") -> Unique
A62: ='Raw Tickets'!$A$62 -> T00061 | B62: ='Raw Tickets'!$B$62 -> 45983 | C62: ='Raw Tickets'!$C$62 -> A015 | D62: ='Raw Tickets'!$D$62 -> Email | E62: ='Raw Tickets'!$E$62 -> Product Quality | F62: ='Raw Tickets'!$F$62 -> Medium | G62: ='Raw Tickets'!$G$62 -> 25.2 | H62: ='Raw Tickets'!$H$62 -> 44 | I62: ='Raw Tickets'!$I$62 -> 1 | J62: ='Raw Tickets'!$J$62 -> 92.8 | K62: ='Raw Tickets'!$K$62 -> Closed | L62: ='Raw Tickets'!$L$62 -> No | M62: ='Raw Tickets'!$M$62 -> No | N62: =IFERROR(VLOOKUP(C62,Agents!$A$2:$E$26,2,FALSE),"") -> Neha Jain | O62: =IFERROR(INDEX(Agents!$D$2:$D$26,MATCH(C62,Agents!$A$2:$A$26,0)),"") -> Chat Support | P62: =IFERROR(VLOOKUP(C62,Agents!$A$2:$E$26,3,FALSE),"") -> Nitin Gupta | Q62: =IFERROR(VLOOKUP(C62,Agents!$A$2:$E$26,5,FALSE),"") -> Bengaluru | R62: =IFERROR(VLOOKUP(F62,#REF!,2,FALSE),0) -> 0 | S62: =IF(G62<=R62,"Met","Breached") -> Breached | T62: =IF(H62<=30,"Within Target","Late") -> Late | U62: =TEXT(B62,"yyyy-mm") -> 2025-11 | V62: =IF(I62>=4,"Good",IF(I62=3,"Average","Poor")) -> Poor | W62: =IF(J62>=85,"Pass","Needs Coaching") -> Pass | X62: =IF(COUNTIF($A$2:$A$501,A62)>1,"Duplicate","Unique") -> Unique
A63: ='Raw Tickets'!$A$63 -> T00062 | B63: ='Raw Tickets'!$B$63 -> 45827 | C63: ='Raw Tickets'!$C$63 -> A019 | D63: ='Raw Tickets'!$D$63 -> Email | E63: ='Raw Tickets'!$E$63 -> Delivery Delay | F63: ='Raw Tickets'!$F$63 -> Low | G63: ='Raw Tickets'!$G$63 -> 77.7 | H63: ='Raw Tickets'!$H$63 -> 22 | I63: ='Raw Tickets'!$I$63 -> 3 | J63: ='Raw Tickets'!$J$63 -> 94 | K63: ='Raw Tickets'!$K$63 -> Closed | L63: ='Raw Tickets'!$L$63 -> No | M63: ='Raw Tickets'!$M$63 -> No | N63: =IFERROR(VLOOKUP(C63,Agents!$A$2:$E$26,2,FALSE),"") -> Sneha Joshi | O63: =IFERROR(INDEX(Agents!$D$2:$D$26,MATCH(C63,Agents!$A$2:$A$26,0)),"") -> Escalations | P63: =IFERROR(VLOOKUP(C63,Agents!$A$2:$E$26,3,FALSE),"") -> Pallavi Rao | Q63: =IFERROR(VLOOKUP(C63,Agents!$A$2:$E$26,5,FALSE),"") -> Hyderabad | R63: =IFERROR(VLOOKUP(F63,#REF!,2,FALSE),0) -> 0 | S63: =IF(G63<=R63,"Met","Breached") -> Breached | T63: =IF(H63<=30,"Within Target","Late") -> Within Target | U63: =TEXT(B63,"yyyy-mm") -> 2025-06 | V63: =IF(I63>=4,"Good",IF(I63=3,"Average","Poor")) -> Average | W63: =IF(J63>=85,"Pass","Needs Coaching") -> Pass | X63: =IF(COUNTIF($A$2:$A$501,A63)>1,"Duplicate","Unique") -> Unique
A64: ='Raw Tickets'!$A$64 -> T00063 | B64: ='Raw Tickets'!$B$64 -> 45954 | C64: ='Raw Tickets'!$C$64 -> A014 | D64: ='Raw Tickets'!$D$64 -> Call | E64: ='Raw Tickets'!$E$64 -> Delivery Delay | F64: ='Raw Tickets'!$F$64 -> Medium | G64: ='Raw Tickets'!$G$64 -> 23.4 | H64: ='Raw Tickets'!$H$64 -> 19 | I64: ='Raw Tickets'!$I$64 -> 4 | J64: ='Raw Tickets'!$J$64 -> 70 | K64: ='Raw Tickets'!$K$64 -> Closed | L64: ='Raw Tickets'!$L$64 -> No | M64: ='Raw Tickets'!$M$64 -> No | N64: =IFERROR(VLOOKUP(C64,Agents!$A$2:$E$26,2,FALSE),"") -> Ananya Jain | O64: =IFERROR(INDEX(Agents!$D$2:$D$26,MATCH(C64,Agents!$A$2:$A$26,0)),"") -> Chat Support | P64: =IFERROR(VLOOKUP(C64,Agents!$A$2:$E$26,3,FALSE),"") -> Nitin Gupta | Q64: =IFERROR(VLOOKUP(C64,Agents!$A$2:$E$26,5,FALSE),"") -> Bengaluru | R64: =IFERROR(VLOOKUP(F64,#REF!,2,FALSE),0) -> 0 | S64: =IF(G64<=R64,"Met","Breached") -> Breached | T64: =IF(H64<=30,"Within Target","Late") -> Within Target | U64: =TEXT(B64,"yyyy-mm") -> 2025-10 | V64: =IF(I64>=4,"Good",IF(I64=3,"Average","Poor")) -> Good | W64: =IF(J64>=85,"Pass","Needs Coaching") -> Needs Coaching | X64: =IF(COUNTIF($A$2:$A$501,A64)>1,"Duplicate","Unique") -> Unique
A65: ='Raw Tickets'!$A$65 -> T00064 | B65: ='Raw Tickets'!$B$65 -> 45760 | C65: ='Raw Tickets'!$C$65 -> A002 | D65: ='Raw Tickets'!$D$65 -> Email | E65: ='Raw Tickets'!$E$65 -> Product Quality | F65: ='Raw Tickets'!$F$65 -> High | G65: ='Raw Tickets'!$G$65 -> 6.4 | H65: ='Raw Tickets'!$H$65 -> 11 | I65: ='Raw Tickets'!$I$65 -> 2 | J65: ='Raw Tickets'!$J$65 -> 88.8 | K65: ='Raw Tickets'!$K$65 -> Closed | L65: ='Raw Tickets'!$L$65 -> Yes | M65: ='Raw Tickets'!$M$65 -> No | N65: =IFERROR(VLOOKUP(C65,Agents!$A$2:$E$26,2,FALSE),"") -> Gaurav Khan | O65: =IFERROR(INDEX(Agents!$D$2:$D$26,MATCH(C65,Agents!$A$2:$A$26,0)),"") -> Email Support | P65: =IFERROR(VLOOKUP(C65,Agents!$A$2:$E$26,3,FALSE),"") -> Aman Verma | Q65: =IFERROR(VLOOKUP(C65,Agents!$A$2:$E$26,5,FALSE),"") -> Noida | R65: =IFERROR(VLOOKUP(F65,#REF!,2,FALSE),0) -> 0 | S65: =IF(G65<=R65,"Met","Breached") -> Breached | T65: =IF(H65<=30,"Within Target","Late") -> Within Target | U65: =TEXT(B65,"yyyy-mm") -> 2025-04 | V65: =IF(I65>=4,"Good",IF(I65=3,"Average","Poor")) -> Poor | W65: =IF(J65>=85,"Pass","Needs Coaching") -> Pass | X65: =IF(COUNTIF($A$2:$A$501,A65)>1,"Duplicate","Unique") -> Unique
A66: ='Raw Tickets'!$A$66 -> T00065 | B66: ='Raw Tickets'!$B$66 -> 45740 | C66: ='Raw Tickets'!$C$66 -> A013 | D66: ='Raw Tickets'!$D$66 -> Chat | E66: ='Raw Tickets'!$E$66 -> Refund | F66: ='Raw Tickets'!$F$66 -> Low | G66: ='Raw Tickets'!$G$66 -> 17.8 | H66: ='Raw Tickets'!$H$66 -> 33 | I66: ='Raw Tickets'!$I$66 -> 4 | J66: ='Raw Tickets'!$J$66 -> 90.5 | K66: ='Raw Tickets'!$K$66 -> Closed | L66: ='Raw Tickets'!$L$66 -> No | M66: ='Raw Tickets'!$M$66 -> No | N66: =IFERROR(VLOOKUP(C66,Agents!$A$2:$E$26,2,FALSE),"") -> Ananya Jain | O66: =IFERROR(INDEX(Agents!$D$2:$D$26,MATCH(C66,Agents!$A$2:$A$26,0)),"") -> Chat Support | P66: =IFERROR(VLOOKUP(C66,Agents!$A$2:$E$26,3,FALSE),"") -> Nitin Gupta | Q66: =IFERROR(VLOOKUP(C66,Agents!$A$2:$E$26,5,FALSE),"") -> Hyderabad | R66: =IFERROR(VLOOKUP(F66,#REF!,2,FALSE),0) -> 0 | S66: =IF(G66<=R66,"Met","Breached") -> Breached | T66: =IF(H66<=30,"Within Target","Late") -> Late | U66: =TEXT(B66,"yyyy-mm") -> 2025-03 | V66: =IF(I66>=4,"Good",IF(I66=3,"Average","Poor")) -> Good | W66: =IF(J66>=85,"Pass","Needs Coaching") -> Pass | X66: =IF(COUNTIF($A$2:$A$501,A66)>1,"Duplicate","Unique") -> Unique
A67: ='Raw Tickets'!$A$67 -> T00066 | B67: ='Raw Tickets'!$B$67 -> 45968 | C67: ='Raw Tickets'!$C$67 -> A014 | D67: ='Raw Tickets'!$D$67 -> Call | E67: ='Raw Tickets'!$E$67 -> Order Cancellation | F67: ='Raw Tickets'!$F$67 -> Critical | G67: ='Raw Tickets'!$G$67 -> 5.5 | H67: ='Raw Tickets'!$H$67 -> 10 | I67: ='Raw Tickets'!$I$67 -> 5 | J67: ='Raw Tickets'!$J$67 -> 97.7 | K67: ='Raw Tickets'!$K$67 -> Closed | L67: ='Raw Tickets'!$L$67 -> No | M67: ='Raw Tickets'!$M$67 -> No | N67: =IFERROR(VLOOKUP(C67,Agents!$A$2:$E$26,2,FALSE),"") -> Ananya Jain | O67: =IFERROR(INDEX(Agents!$D$2:$D$26,MATCH(C67,Agents!$A$2:$A$26,0)),"") -> Chat Support | P67: =IFERROR(VLOOKUP(C67,Agents!$A$2:$E$26,3,FALSE),"") -> Nitin Gupta | Q67: =IFERROR(VLOOKUP(C67,Agents!$A$2:$E$26,5,FALSE),"") -> Bengaluru | R67: =IFERROR(VLOOKUP(F67,#REF!,2,FALSE),0) -> 0 | S67: =IF(G67<=R67,"Met","Breached") -> Breached | T67: =IF(H67<=30,"Within Target","Late") -> Within Target | U67: =TEXT(B67,"yyyy-mm") -> 2025-11 | V67: =IF(I67>=4,"Good",IF(I67=3,"Average","Poor")) -> Good | W67: =IF(J67>=85,"Pass","Needs Coaching") -> Pass | X67: =IF(COUNTIF($A$2:$A$501,A67)>1,"Duplicate","Unique") -> Unique
A68: ='Raw Tickets'!$A$68 -> T00067 | B68: ='Raw Tickets'!$B$68 -> 45809 | C68: ='Raw Tickets'!$C$68 -> A022 | D68: ='Raw Tickets'!$D$68 -> Chat | E68: ='Raw Tickets'!$E$68 -> Order Cancellation | F68: ='Raw Tickets'!$F$68 -> Critical | G68: ='Raw Tickets'!$G$68 -> 2.9 | H68: ='Raw Tickets'!$H$68 -> 43 | I68: ='Raw Tickets'!$I$68 -> 5 | J68: ='Raw Tickets'!$J$68 -> 95.8 | K68: ='Raw Tickets'!$K$68 -> Open | L68: ='Raw Tickets'!$L$68 -> No | M68: ='Raw Tickets'!$M$68 -> Yes | N68: =IFERROR(VLOOKUP(C68,Agents!$A$2:$E$26,2,FALSE),"") -> Varun Sharma | O68: =IFERROR(INDEX(Agents!$D$2:$D$26,MATCH(C68,Agents!$A$2:$A$26,0)),"") -> Seller Support | P68: =IFERROR(VLOOKUP(C68,Agents!$A$2:$E$26,3,FALSE),"") -> Vivek Jain | Q68: =IFERROR(VLOOKUP(C68,Agents!$A$2:$E$26,5,FALSE),"") -> Noida | R68: =IFERROR(VLOOKUP(F68,#REF!,2,FALSE),0) -> 0 | S68: =IF(G68<=R68,"Met","Breached") -> Breached | T68: =IF(H68<=30,"Within Target","Late") -> Late | U68: =TEXT(B68,"yyyy-mm") -> 2025-06 | V68: =IF(I68>=4,"Good",IF(I68=3,"Average","Poor")) -> Good | W68: =IF(J68>=85,"Pass","Needs Coaching") -> Pass | X68: =IF(COUNTIF($A$2:$A$501,A68)>1,"Duplicate","Unique") -> Unique
A69: ='Raw Tickets'!$A$69 -> T00068 | B69: ='Raw Tickets'!$B$69 -> 45909 | C69: ='Raw Tickets'!$C$69 -> A019 | D69: ='Raw Tickets'!$D$69 -> Call | E69: ='Raw Tickets'!$E$69 -> Payment Failure | F69: ='Raw Tickets'!$F$69 -> Medium | G69: ='Raw Tickets'!$G$69 -> 30.1 | H69: ='Raw Tickets'!$H$69 -> 11 | I69: ='Raw Tickets'!$I$69 -> 4 | J69: ='Raw Tickets'!$J$69 -> 73.5 | K69: ='Raw Tickets'!$K$69 -> Closed | L69: ='Raw Tickets'!$L$69 -> No | M69: ='Raw Tickets'!$M$69 -> No | N69: =IFERROR(VLOOKUP(C69,Agents!$A$2:$E$26,2,FALSE),"") -> Sneha Joshi | O69: =IFERROR(INDEX(Agents!$D$2:$D$26,MATCH(C69,Agents!$A$2:$A$26,0)),"") -> Escalations | P69: =IFERROR(VLOOKUP(C69,Agents!$A$2:$E$26,3,FALSE),"") -> Pallavi Rao | Q69: =IFERROR(VLOOKUP(C69,Agents!$A$2:$E$26,5,FALSE),"") -> Hyderabad | R69: =IFERROR(VLOOKUP(F69,#REF!,2,FALSE),0) -> 0 | S69: =IF(G69<=R69,"Met","Breached") -> Breached | T69: =IF(H69<=30,"Within Target","Late") -> Within Target | U69: =TEXT(B69,"yyyy-mm") -> 2025-09 | V69: =IF(I69>=4,"Good",IF(I69=3,"Average","Poor")) -> Good | W69: =IF(J69>=85,"Pass","Needs Coaching") -> Needs Coaching | X69: =IF(COUNTIF($A$2:$A$501,A69)>1,"Duplicate","Unique") -> Unique
A70: ='Raw Tickets'!$A$70 -> T00069 | B70: ='Raw Tickets'!$B$70 -> 45731 | C70: ='Raw Tickets'!$C$70 -> A014 | D70: ='Raw Tickets'!$D$70 -> Chat | E70: ='Raw Tickets'!$E$70 -> Refund | F70: ='Raw Tickets'!$F$70 -> Low | G70: ='Raw Tickets'!$G$70 -> 32.6 | H70: ='Raw Tickets'!$H$70 -> 30 | I70: ='Raw Tickets'!$I$70 -> 4 | J70: ='Raw Tickets'!$J$70 -> 83.2 | K70: ='Raw Tickets'!$K$70 -> Closed | L70: ='Raw Tickets'!$L$70 -> No | M70: ='Raw Tickets'!$M$70 -> No | N70: =IFERROR(VLOOKUP(C70,Agents!$A$2:$E$26,2,FALSE),"") -> Ananya Jain | O70: =IFERROR(INDEX(Agents!$D$2:$D$26,MATCH(C70,Agents!$A$2:$A$26,0)),"") -> Chat Support | P70: =IFERROR(VLOOKUP(C70,Agents!$A$2:$E$26,3,FALSE),"") -> Nitin Gupta | Q70: =IFERROR(VLOOKUP(C70,Agents!$A$2:$E$26,5,FALSE),"") -> Bengaluru | R70: =IFERROR(VLOOKUP(F70,#REF!,2,FALSE),0) -> 0 | S70: =IF(G70<=R70,"Met","Breached") -> Breached | T70: =IF(H70<=30,"Within Target","Late") -> Within Target | U70: =TEXT(B70,"yyyy-mm") -> 2025-03 | V70: =IF(I70>=4,"Good",IF(I70=3,"Average","Poor")) -> Good | W70: =IF(J70>=85,"Pass","Needs Coaching") -> Needs Coaching | X70: =IF(COUNTIF($A$2:$A$501,A70)>1,"Duplicate","Unique") -> Unique
A71: ='Raw Tickets'!$A$71 -> T00070 | B71: ='Raw Tickets'!$B$71 -> 45932 | C71: ='Raw Tickets'!$C$71 -> A002 | D71: ='Raw Tickets'!$D$71 -> Call | E71: ='Raw Tickets'!$E$71 -> Account Issue | F71: ='Raw Tickets'!$F$71 -> Medium | G71: ='Raw Tickets'!$G$71 -> 15.9 | H71: ='Raw Tickets'!$H$71 -> 34 | I71: ='Raw Tickets'!$I$71 -> 4 | J71: ='Raw Tickets'!$J$71 -> 92.7 | K71: ='Raw Tickets'!$K$71 -> Closed | L71: ='Raw Tickets'!$L$71 -> Yes | M71: ='Raw Tickets'!$M$71 -> No | N71: =IFERROR(VLOOKUP(C71,Agents!$A$2:$E$26,2,FALSE),"") -> Gaurav Khan | O71: =IFERROR(INDEX(Agents!$D$2:$D$26,MATCH(C71,Agents!$A$2:$A$26,0)),"") -> Email Support | P71: =IFERROR(VLOOKUP(C71,Agents!$A$2:$E$26,3,FALSE),"") -> Aman Verma | Q71: =IFERROR(VLOOKUP(C71,Agents!$A$2:$E$26,5,FALSE),"") -> Noida | R71: =IFERROR(VLOOKUP(F71,#REF!,2,FALSE),0) -> 0 | S71: =IF(G71<=R71,"Met","Breached") -> Breached | T71: =IF(H71<=30,"Within Target","Late") -> Late | U71: =TEXT(B71,"yyyy-mm") -> 2025-10 | V71: =IF(I71>=4,"Good",IF(I71=3,"Average","Poor")) -> Good | W71: =IF(J71>=85,"Pass","Needs Coaching") -> Pass | X71: =IF(COUNTIF($A$2:$A$501,A71)>1,"Duplicate","Unique") -> Unique
A72: ='Raw Tickets'!$A$72 -> T00071 | B72: ='Raw Tickets'!$B$72 -> 45891 | C72: ='Raw Tickets'!$C$72 -> A009 | D72: ='Raw Tickets'!$D$72 -> Call | E72: ='Raw Tickets'!$E$72 -> Account Issue | F72: ='Raw Tickets'!$F$72 -> Low | G72: ='Raw Tickets'!$G$72 -> 37.9 | H72: ='Raw Tickets'!$H$72 -> 31 | I72: ='Raw Tickets'!$I$72 -> 1 | J72: ='Raw Tickets'!$J$72 -> 87.8 | K72: ='Raw Tickets'!$K$72 -> Closed | L72: ='Raw Tickets'!$L$72 -> No | M72: ='Raw Tickets'!$M$72 -> No | N72: =IFERROR(VLOOKUP(C72,Agents!$A$2:$E$26,2,FALSE),"") -> Divya Mehta | O72: =IFERROR(INDEX(Agents!$D$2:$D$26,MATCH(C72,Agents!$A$2:$A$26,0)),"") -> Voice Support | P72: =IFERROR(VLOOKUP(C72,Agents!$A$2:$E$26,3,FALSE),"") -> Kritika Shah | Q72: =IFERROR(VLOOKUP(C72,Agents!$A$2:$E$26,5,FALSE),"") -> Gurugram | R72: =IFERROR(VLOOKUP(F72,#REF!,2,FALSE),0) -> 0 | S72: =IF(G72<=R72,"Met","Breached") -> Breached | T72: =IF(H72<=30,"Within Target","Late") -> Late | U72: =TEXT(B72,"yyyy-mm") -> 2025-08 | V72: =IF(I72>=4,"Good",IF(I72=3,"Average","Poor")) -> Poor | W72: =IF(J72>=85,"Pass","Needs Coaching") -> Pass | X72: =IF(COUNTIF($A$2:$A$501,A72)>1,"Duplicate","Unique") -> Unique
A73: ='Raw Tickets'!$A$73 -> T00072 | B73: ='Raw Tickets'!$B$73 -> 45671 | C73: ='Raw Tickets'!$C$73 -> A008 | D73: ='Raw Tickets'!$D$73 -> Call | E73: ='Raw Tickets'!$E$73 -> Account Issue | F73: ='Raw Tickets'!$F$73 -> Low | G73: ='Raw Tickets'!$G$73 -> 47.3 | H73: ='Raw Tickets'!$H$73 -> 47 | I73: ='Raw Tickets'!$I$73 -> 5 | J73: ='Raw Tickets'!$J$73 -> 78.9 | K73: ='Raw Tickets'!$K$73 -> Closed | L73: ='Raw Tickets'!$L$73 -> No | M73: ='Raw Tickets'!$M$73 -> No | N73: =IFERROR(VLOOKUP(C73,Agents!$A$2:$E$26,2,FALSE),"") -> Ananya Mishra | O73: =IFERROR(INDEX(Agents!$D$2:$D$26,MATCH(C73,Agents!$A$2:$A$26,0)),"") -> Voice Support | P73: =IFERROR(VLOOKUP(C73,Agents!$A$2:$E$26,3,FALSE),"") -> Kritika Shah | Q73: =IFERROR(VLOOKUP(C73,Agents!$A$2:$E$26,5,FALSE),"") -> Hyderabad | R73: =IFERROR(VLOOKUP(F73,#REF!,2,FALSE),0) -> 0 | S73: =IF(G73<=R73,"Met","Breached") -> Breached | T73: =IF(H73<=30,"Within Target","Late") -> Late | U73: =TEXT(B73,"yyyy-mm") -> 2025-01 | V73: =IF(I73>=4,"Good",IF(I73=3,"Average","Poor")) -> Good | W73: =IF(J73>=85,"Pass","Needs Coaching") -> Needs Coaching | X73: =IF(COUNTIF($A$2:$A$501,A73)>1,"Duplicate","Unique") -> Unique
A74: ='Raw Tickets'!$A$74 -> T00073 | B74: ='Raw Tickets'!$B$74 -> 45747 | C74: ='Raw Tickets'!$C$74 -> A012 | D74: ='Raw Tickets'!$D$74 -> Chat | E74: ='Raw Tickets'!$E$74 -> Order Cancellation | F74: ='Raw Tickets'!$F$74 -> Low | G74: ='Raw Tickets'!$G$74 -> 24.1 | H74: ='Raw Tickets'!$H$74 -> 33 | I74: ='Raw Tickets'!$I$74 -> 5 | J74: ='Raw Tickets'!$J$74 -> 79.2 | K74: ='Raw Tickets'!$K$74 -> Closed | L74: ='Raw Tickets'!$L$74 -> No | M74: ='Raw Tickets'!$M$74 -> No | N74: =IFERROR(VLOOKUP(C74,Agents!$A$2:$E$26,2,FALSE),"") -> Ankit Khan | O74: =IFERROR(INDEX(Agents!$D$2:$D$26,MATCH(C74,Agents!$A$2:$A$26,0)),"") -> Chat Support | P74: =IFERROR(VLOOKUP(C74,Agents!$A$2:$E$26,3,FALSE),"") -> Nitin Gupta | Q74: =IFERROR(VLOOKUP(C74,Agents!$A$2:$E$26,5,FALSE),"") -> Bengaluru | R74: =IFERROR(VLOOKUP(F74,#REF!,2,FALSE),0) -> 0 | S74: =IF(G74<=R74,"Met","Breached") -> Breached | T74: =IF(H74<=30,"Within Target","Late") -> Late | U74: =TEXT(B74,"yyyy-mm") -> 2025-03 | V74: =IF(I74>=4,"Good",IF(I74=3,"Average","Poor")) -> Good | W74: =IF(J74>=85,"Pass","Needs Coaching") -> Needs Coaching | X74: =IF(COUNTIF($A$2:$A$501,A74)>1,"Duplicate","Unique") -> Unique
A75: ='Raw Tickets'!$A$75 -> T00074 | B75: ='Raw Tickets'!$B$75 -> 45716 | C75: ='Raw Tickets'!$C$75 -> A001 | D75: ='Raw Tickets'!$D$75 -> Email | E75: ='Raw Tickets'!$E$75 -> Refund | F75: ='Raw Tickets'!$F$75 -> High | G75: ='Raw Tickets'!$G$75 -> 1.4 | H75: ='Raw Tickets'!$H$75 -> 1 | I75: ='Raw Tickets'!$I$75 -> 4 | J75: ='Raw Tickets'!$J$75 -> 90.4 | K75: ='Raw Tickets'!$K$75 -> Closed | L75: ='Raw Tickets'!$L$75 -> No | M75: ='Raw Tickets'!$M$75 -> No | N75: =IFERROR(VLOOKUP(C75,Agents!$A$2:$E$26,2,FALSE),"") -> Ishita Patel | O75: =IFERROR(INDEX(Agents!$D$2:$D$26,MATCH(C75,Agents!$A$2:$A$26,0)),"") -> Email Support | P75: =IFERROR(VLOOKUP(C75,Agents!$A$2:$E$26,3,FALSE),"") -> Aman Verma | Q75: =IFERROR(VLOOKUP(C75,Agents!$A$2:$E$26,5,FALSE),"") -> Gurugram | R75: =IFERROR(VLOOKUP(F75,#REF!,2,FALSE),0) -> 0 | S75: =IF(G75<=R75,"Met","Breached") -> Breached | T75: =IF(H75<=30,"Within Target","Late") -> Within Target | U75: =TEXT(B75,"yyyy-mm") -> 2025-02 | V75: =IF(I75>=4,"Good",IF(I75=3,"Average","Poor")) -> Good | W75: =IF(J75>=85,"Pass","Needs Coaching") -> Pass | X75: =IF(COUNTIF($A$2:$A$501,A75)>1,"Duplicate","Unique") -> Unique
A76: ='Raw Tickets'!$A$76 -> T00075 | B76: ='Raw Tickets'!$B$76 -> 45849 | C76: ='Raw Tickets'!$C$76 -> A018 | D76: ='Raw Tickets'!$D$76 -> Chat | E76: ='Raw Tickets'!$E$76 -> Delivery Delay | F76: ='Raw Tickets'!$F$76 -> Medium | G76: ='Raw Tickets'!$G$76 -> 30.6 | H76: ='Raw Tickets'!$H$76 -> 33 | I76: ='Raw Tickets'!$I$76 -> 2 | J76: ='Raw Tickets'!$J$76 -> 76.3 | K76: ='Raw Tickets'!$K$76 -> Open | L76: ='Raw Tickets'!$L$76 -> No | M76: ='Raw Tickets'!$M$76 -> No | N76: =IFERROR(VLOOKUP(C76,Agents!$A$2:$E$26,2,FALSE),"") -> Rahul Verma | O76: =IFERROR(INDEX(Agents!$D$2:$D$26,MATCH(C76,Agents!$A$2:$A$26,0)),"") -> Escalations | P76: =IFERROR(VLOOKUP(C76,Agents!$A$2:$E$26,3,FALSE),"") -> Pallavi Rao | Q76: =IFERROR(VLOOKUP(C76,Agents!$A$2:$E$26,5,FALSE),"") -> Hyderabad | R76: =IFERROR(VLOOKUP(F76,#REF!,2,FALSE),0) -> 0 | S76: =IF(G76<=R76,"Met","Breached") -> Breached | T76: =IF(H76<=30,"Within Target","Late") -> Late | U76: =TEXT(B76,"yyyy-mm") -> 2025-07 | V76: =IF(I76>=4,"Good",IF(I76=3,"Average","Poor")) -> Poor | W76: =IF(J76>=85,"Pass","Needs Coaching") -> Needs Coaching | X76: =IF(COUNTIF($A$2:$A$501,A76)>1,"Duplicate","Unique") -> Unique
A77: ='Raw Tickets'!$A$77 -> T00076 | B77: ='Raw Tickets'!$B$77 -> 45908 | C77: ='Raw Tickets'!$C$77 -> A007 | D77: ='Raw Tickets'!$D$77 -> Email | E77: ='Raw Tickets'!$E$77 -> Delivery Delay | F77: ='Raw Tickets'!$F$77 -> High | G77: ='Raw Tickets'!$G$77 -> 0.5 | H77: ='Raw Tickets'!$H$77 -> 18 | I77: ='Raw Tickets'!$I$77 -> 5 | J77: ='Raw Tickets'!$J$77 -> 86.4 | K77: ='Raw Tickets'!$K$77 -> Closed | L77: ='Raw Tickets'!$L$77 -> No | M77: ='Raw Tickets'!$M$77 -> No | N77: =IFERROR(VLOOKUP(C77,Agents!$A$2:$E$26,2,FALSE),"") -> Kavya Patel | O77: =IFERROR(INDEX(Agents!$D$2:$D$26,MATCH(C77,Agents!$A$2:$A$26,0)),"") -> Voice Support | P77: =IFERROR(VLOOKUP(C77,Agents!$A$2:$E$26,3,FALSE),"") -> Kritika Shah | Q77: =IFERROR(VLOOKUP(C77,Agents!$A$2:$E$26,5,FALSE),"") -> Noida | R77: =IFERROR(VLOOKUP(F77,#REF!,2,FALSE),0) -> 0 | S77: =IF(G77<=R77,"Met","Breached") -> Breached | T77: =IF(H77<=30,"Within Target","Late") -> Within Target | U77: =TEXT(B77,"yyyy-mm") -> 2025-09 | V77: =IF(I77>=4,"Good",IF(I77=3,"Average","Poor")) -> Good | W77: =IF(J77>=85,"Pass","Needs Coaching") -> Pass | X77: =IF(COUNTIF($A$2:$A$501,A77)>1,"Duplicate","Unique") -> Unique
A78: ='Raw Tickets'!$A$78 -> T00077 | B78: ='Raw Tickets'!$B$78 -> 45744 | C78: ='Raw Tickets'!$C$78 -> A003 | D78: ='Raw Tickets'!$D$78 -> Email | E78: ='Raw Tickets'!$E$78 -> Order Cancellation | F78: ='Raw Tickets'!$F$78 -> Low | G78: ='Raw Tickets'!$G$78 -> 56.9 | H78: ='Raw Tickets'!$H$78 -> 83 | I78: ='Raw Tickets'!$I$78 -> 1 | J78: ='Raw Tickets'!$J$78 -> 75.6 | K78: ='Raw Tickets'!$K$78 -> Closed | L78: ='Raw Tickets'!$L$78 -> No | M78: ='Raw Tickets'!$M$78 -> No | N78: =IFERROR(VLOOKUP(C78,Agents!$A$2:$E$26,2,FALSE),"") -> Kabir Verma | O78: =IFERROR(INDEX(Agents!$D$2:$D$26,MATCH(C78,Agents!$A$2:$A$26,0)),"") -> Email Support | P78: =IFERROR(VLOOKUP(C78,Agents!$A$2:$E$26,3,FALSE),"") -> Aman Verma | Q78: =IFERROR(VLOOKUP(C78,Agents!$A$2:$E$26,5,FALSE),"") -> Gurugram | R78: =IFERROR(VLOOKUP(F78,#REF!,2,FALSE),0) -> 0 | S78: =IF(G78<=R78,"Met","Breached") -> Breached | T78: =IF(H78<=30,"Within Target","Late") -> Late | U78: =TEXT(B78,"yyyy-mm") -> 2025-03 | V78: =IF(I78>=4,"Good",IF(I78=3,"Average","Poor")) -> Poor | W78: =IF(J78>=85,"Pass","Needs Coaching") -> Needs Coaching | X78: =IF(COUNTIF($A$2:$A$501,A78)>1,"Duplicate","Unique") -> Unique
A79: ='Raw Tickets'!$A$79 -> T00078 | B79: ='Raw Tickets'!$B$79 -> 45830 | C79: ='Raw Tickets'!$C$79 -> A001 | D79: ='Raw Tickets'!$D$79 -> Call | E79: ='Raw Tickets'!$E$79 -> Product Quality | F79: ='Raw Tickets'!$F$79 -> Medium | G79: ='Raw Tickets'!$G$79 -> 23.9 | H79: ='Raw Tickets'!$H$79 -> 57 | I79: ='Raw Tickets'!$I$79 -> 4 | J79: ='Raw Tickets'!$J$79 -> 78.7 | K79: ='Raw Tickets'!$K$79 -> Closed | L79: ='Raw Tickets'!$L$79 -> No | M79: ='Raw Tickets'!$M$79 -> No | N79: =IFERROR(VLOOKUP(C79,Agents!$A$2:$E$26,2,FALSE),"") -> Ishita Patel | O79: =IFERROR(INDEX(Agents!$D$2:$D$26,MATCH(C79,Agents!$A$2:$A$26,0)),"") -> Email Support | P79: =IFERROR(VLOOKUP(C79,Agents!$A$2:$E$26,3,FALSE),"") -> Aman Verma | Q79: =IFERROR(VLOOKUP(C79,Agents!$A$2:$E$26,5,FALSE),"") -> Gurugram | R79: =IFERROR(VLOOKUP(F79,#REF!,2,FALSE),0) -> 0 | S79: =IF(G79<=R79,"Met","Breached") -> Breached | T79: =IF(H79<=30,"Within Target","Late") -> Late | U79: =TEXT(B79,"yyyy-mm") -> 2025-06 | V79: =IF(I79>=4,"Good",IF(I79=3,"Average","Poor")) -> Good | W79: =IF(J79>=85,"Pass","Needs Coaching") -> Needs Coaching | X79: =IF(COUNTIF($A$2:$A$501,A79)>1,"Duplicate","Unique") -> Unique
A80: ='Raw Tickets'!$A$80 -> T00079 | B80: ='Raw Tickets'!$B$80 -> 45928 | C80: ='Raw Tickets'!$C$80 -> A003 | D80: ='Raw Tickets'!$D$80 -> Chat | E80: ='Raw Tickets'!$E$80 -> Order Cancellation | F80: ='Raw Tickets'!$F$80 -> Critical | G80: ='Raw Tickets'!$G$80 -> 3 | H80: ='Raw Tickets'!$H$80 -> 39 | I80: ='Raw Tickets'!$I$80 -> 5 | J80: ='Raw Tickets'!$J$80 -> 100 | K80: ='Raw Tickets'!$K$80 -> Closed | L80: ='Raw Tickets'!$L$80 -> No | M80: ='Raw Tickets'!$M$80 -> No | N80: =IFERROR(VLOOKUP(C80,Agents!$A$2:$E$26,2,FALSE),"") -> Kabir Verma | O80: =IFERROR(INDEX(Agents!$D$2:$D$26,MATCH(C80,Agents!$A$2:$A$26,0)),"") -> Email Support | P80: =IFERROR(VLOOKUP(C80,Agents!$A$2:$E$26,3,FALSE),"") -> Aman Verma | Q80: =IFERROR(VLOOKUP(C80,Agents!$A$2:$E$26,5,FALSE),"") -> Gurugram | R80: =IFERROR(VLOOKUP(F80,#REF!,2,FALSE),0) -> 0 | S80: =IF(G80<=R80,"Met","Breached") -> Breached | T80: =IF(H80<=30,"Within Target","Late") -> Late | U80: =TEXT(B80,"yyyy-mm") -> 2025-09 | V80: =IF(I80>=4,"Good",IF(I80=3,"Average","Poor")) -> Good | W80: =IF(J80>=85,"Pass","Needs Coaching") -> Pass | X80: =IF(COUNTIF($A$2:$A$501,A80)>1,"Duplicate","Unique") -> Unique
A81: ='Raw Tickets'!$A$81 -> T00080 | B81: ='Raw Tickets'!$B$81 -> 45779 | C81: ='Raw Tickets'!$C$81 -> A009 | D81: ='Raw Tickets'!$D$81 -> Chat | E81: ='Raw Tickets'!$E$81 -> Product Quality | F81: ='Raw Tickets'!$F$81 -> Medium | G81: ='Raw Tickets'!$G$81 -> 26.4 | H81: ='Raw Tickets'!$H$81 -> 23 | I81: ='Raw Tickets'!$I$81 -> 5 | J81: ='Raw Tickets'!$J$81 -> 75.5 | K81: ='Raw Tickets'!$K$81 -> Closed | L81: ='Raw Tickets'!$L$81 -> No | M81: ='Raw Tickets'!$M$81 -> No | N81: =IFERROR(VLOOKUP(C81,Agents!$A$2:$E$26,2,FALSE),"") -> Divya Mehta | O81: =IFERROR(INDEX(Agents!$D$2:$D$26,MATCH(C81,Agents!$A$2:$A$26,0)),"") -> Voice Support | P81: =IFERROR(VLOOKUP(C81,Agents!$A$2:$E$26,3,FALSE),"") -> Kritika Shah | Q81: =IFERROR(VLOOKUP(C81,Agents!$A$2:$E$26,5,FALSE),"") -> Gurugram | R81: =IFERROR(VLOOKUP(F81,#REF!,2,FALSE),0) -> 0 | S81: =IF(G81<=R81,"Met","Breached") -> Breached | T81: =IF(H81<=30,"Within Target","Late") -> Within Target | U81: =TEXT(B81,"yyyy-mm") -> 2025-05 | V81: =IF(I81>=4,"Good",IF(I81=3,"Average","Poor")) -> Good | W81: =IF(J81>=85,"Pass","Needs Coaching") -> Needs Coaching | X81: =IF(COUNTIF($A$2:$A$501,A81)>1,"Duplicate","Unique") -> Unique
A82: ='Raw Tickets'!$A$82 -> T00081 | B82: ='Raw Tickets'!$B$82 -> 45662 | C82: ='Raw Tickets'!$C$82 -> A019 | D82: ='Raw Tickets'!$D$82 -> Chat | E82: ='Raw Tickets'!$E$82 -> Payment Failure | F82: ='Raw Tickets'!$F$82 -> High | G82: ='Raw Tickets'!$G$82 -> 7.8 | H82: ='Raw Tickets'!$H$82 -> 60 | I82: ='Raw Tickets'!$I$82 -> 4 | J82: ='Raw Tickets'!$J$82 -> 90.7 | K82: ='Raw Tickets'!$K$82 -> Closed | L82: ='Raw Tickets'!$L$82 -> No | M82: ='Raw Tickets'!$M$82 -> No | N82: =IFERROR(VLOOKUP(C82,Agents!$A$2:$E$26,2,FALSE),"") -> Sneha Joshi | O82: =IFERROR(INDEX(Agents!$D$2:$D$26,MATCH(C82,Agents!$A$2:$A$26,0)),"") -> Escalations | P82: =IFERROR(VLOOKUP(C82,Agents!$A$2:$E$26,3,FALSE),"") -> Pallavi Rao | Q82: =IFERROR(VLOOKUP(C82,Agents!$A$2:$E$26,5,FALSE),"") -> Hyderabad | R82: =IFERROR(VLOOKUP(F82,#REF!,2,FALSE),0) -> 0 | S82: =IF(G82<=R82,"Met","Breached") -> Breached | T82: =IF(H82<=30,"Within Target","Late") -> Late | U82: =TEXT(B82,"yyyy-mm") -> 2025-01 | V82: =IF(I82>=4,"Good",IF(I82=3,"Average","Poor")) -> Good | W82: =IF(J82>=85,"Pass","Needs Coaching") -> Pass | X82: =IF(COUNTIF($A$2:$A$501,A82)>1,"Duplicate","Unique") -> Unique
A83: ='Raw Tickets'!$A$83 -> T00082 | B83: ='Raw Tickets'!$B$83 -> 45821 | C83: ='Raw Tickets'!$C$83 -> A012 | D83: ='Raw Tickets'!$D$83 -> Chat | E83: ='Raw Tickets'!$E$83 -> Delivery Delay | F83: ='Raw Tickets'!$F$83 -> Medium | G83: ='Raw Tickets'!$G$83 -> 23 | H83: ='Raw Tickets'!$H$83 -> 48 | I83: ='Raw Tickets'!$I$83 -> 2 | J83: ='Raw Tickets'!$J$83 -> 93.5 | K83: ='Raw Tickets'!$K$83 -> Closed | L83: ='Raw Tickets'!$L$83 -> No | M83: ='Raw Tickets'!$M$83 -> No | N83: =IFERROR(VLOOKUP(C83,Agents!$A$2:$E$26,2,FALSE),"") -> Ankit Khan | O83: =IFERROR(INDEX(Agents!$D$2:$D$26,MATCH(C83,Agents!$A$2:$A$26,0)),"") -> Chat Support | P83: =IFERROR(VLOOKUP(C83,Agents!$A$2:$E$26,3,FALSE),"") -> Nitin Gupta | Q83: =IFERROR(VLOOKUP(C83,Agents!$A$2:$E$26,5,FALSE),"") -> Bengaluru | R83: =IFERROR(VLOOKUP(F83,#REF!,2,FALSE),0) -> 0 | S83: =IF(G83<=R83,"Met","Breached") -> Breached | T83: =IF(H83<=30,"Within Target","Late") -> Late | U83: =TEXT(B83,"yyyy-mm") -> 2025-06 | V83: =IF(I83>=4,"Good",IF(I83=3,"Average","Poor")) -> Poor | W83: =IF(J83>=85,"Pass","Needs Coaching") -> Pass | X83: =IF(COUNTIF($A$2:$A$501,A83)>1,"Duplicate","Unique") -> Unique
A84: ='Raw Tickets'!$A$84 -> T00083 | B84: ='Raw Tickets'!$B$84 -> 45858 | C84: ='Raw Tickets'!$C$84 -> A025 | D84: ='Raw Tickets'!$D$84 -> Email | E84: ='Raw Tickets'!$E$84 -> Payment Failure | F84: ='Raw Tickets'!$F$84 -> Medium | G84: ='Raw Tickets'!$G$84 -> 32.3 | H84: ='Raw Tickets'!$H$84 -> 42 | I84: ='Raw Tickets'!$I$84 -> 2 | J84: ='Raw Tickets'!$J$84 -> 79.7 | K84: ='Raw Tickets'!$K$84 -> Closed | L84: ='Raw Tickets'!$L$84 -> Yes | M84: ='Raw Tickets'!$M$84 -> No | N84: =IFERROR(VLOOKUP(C84,Agents!$A$2:$E$26,2,FALSE),"") -> Arjun Nair | O84: =IFERROR(INDEX(Agents!$D$2:$D$26,MATCH(C84,Agents!$A$2:$A$26,0)),"") -> Seller Support | P84: =IFERROR(VLOOKUP(C84,Agents!$A$2:$E$26,3,FALSE),"") -> Vivek Jain | Q84: =IFERROR(VLOOKUP(C84,Agents!$A$2:$E$26,5,FALSE),"") -> Noida | R84: =IFERROR(VLOOKUP(F84,#REF!,2,FALSE),0) -> 0 | S84: =IF(G84<=R84,"Met","Breached") -> Breached | T84: =IF(H84<=30,"Within Target","Late") -> Late | U84: =TEXT(B84,"yyyy-mm") -> 2025-07 | V84: =IF(I84>=4,"Good",IF(I84=3,"Average","Poor")) -> Poor | W84: =IF(J84>=85,"Pass","Needs Coaching") -> Needs Coaching | X84: =IF(COUNTIF($A$2:$A$501,A84)>1,"Duplicate","Unique") -> Unique
A85: ='Raw Tickets'!$A$85 -> T00084 | B85: ='Raw Tickets'!$B$85 -> 45849 | C85: ='Raw Tickets'!$C$85 -> A012 | D85: ='Raw Tickets'!$D$85 -> Email | E85: ='Raw Tickets'!$E$85 -> Refund | F85: ='Raw Tickets'!$F$85 -> Low | G85: ='Raw Tickets'!$G$85 -> 51.7 | H85: ='Raw Tickets'!$H$85 -> 60 | I85: ='Raw Tickets'!$I$85 -> 3 | J85: ='Raw Tickets'!$J$85 -> 86.2 | K85: ='Raw Tickets'!$K$85 -> Closed | L85: ='Raw Tickets'!$L$85 -> No | M85: ='Raw Tickets'!$M$85 -> No | N85: =IFERROR(VLOOKUP(C85,Agents!$A$2:$E$26,2,FALSE),"") -> Ankit Khan | O85: =IFERROR(INDEX(Agents!$D$2:$D$26,MATCH(C85,Agents!$A$2:$A$26,0)),"") -> Chat Support | P85: =IFERROR(VLOOKUP(C85,Agents!$A$2:$E$26,3,FALSE),"") -> Nitin Gupta | Q85: =IFERROR(VLOOKUP(C85,Agents!$A$2:$E$26,5,FALSE),"") -> Bengaluru | R85: =IFERROR(VLOOKUP(F85,#REF!,2,FALSE),0) -> 0 | S85: =IF(G85<=R85,"Met","Breached") -> Breached | T85: =IF(H85<=30,"Within Target","Late") -> Late | U85: =TEXT(B85,"yyyy-mm") -> 2025-07 | V85: =IF(I85>=4,"Good",IF(I85=3,"Average","Poor")) -> Average | W85: =IF(J85>=85,"Pass","Needs Coaching") -> Pass | X85: =IF(COUNTIF($A$2:$A$501,A85)>1,"Duplicate","Unique") -> Unique
A86: ='Raw Tickets'!$A$86 -> T00085 | B86: ='Raw Tickets'!$B$86 -> 45863 | C86: ='Raw Tickets'!$C$86 -> A018 | D86: ='Raw Tickets'!$D$86 -> Chat | E86: ='Raw Tickets'!$E$86 -> Product Quality | F86: ='Raw Tickets'!$F$86 -> Medium | G86: ='Raw Tickets'!$G$86 -> 35.9 | H86: ='Raw Tickets'!$H$86 -> 68 | I86: ='Raw Tickets'!$I$86 -> 4 | J86: ='Raw Tickets'!$J$86 -> 83.3 | K86: ='Raw Tickets'!$K$86 -> Closed | L86: ='Raw Tickets'!$L$86 -> No | M86: ='Raw Tickets'!$M$86 -> No | N86: =IFERROR(VLOOKUP(C86,Agents!$A$2:$E$26,2,FALSE),"") -> Rahul Verma | O86: =IFERROR(INDEX(Agents!$D$2:$D$26,MATCH(C86,Agents!$A$2:$A$26,0)),"") -> Escalations | P86: =IFERROR(VLOOKUP(C86,Agents!$A$2:$E$26,3,FALSE),"") -> Pallavi Rao | Q86: =IFERROR(VLOOKUP(C86,Agents!$A$2:$E$26,5,FALSE),"") -> Hyderabad | R86: =IFERROR(VLOOKUP(F86,#REF!,2,FALSE),0) -> 0 | S86: =IF(G86<=R86,"Met","Breached") -> Breached | T86: =IF(H86<=30,"Within Target","Late") -> Late | U86: =TEXT(B86,"yyyy-mm") -> 2025-07 | V86: =IF(I86>=4,"Good",IF(I86=3,"Average","Poor")) -> Good | W86: =IF(J86>=85,"Pass","Needs Coaching") -> Needs Coaching | X86: =IF(COUNTIF($A$2:$A$501,A86)>1,"Duplicate","Unique") -> Unique
A87: ='Raw Tickets'!$A$87 -> T00086 | B87: ='Raw Tickets'!$B$87 -> 45721 | C87: ='Raw Tickets'!$C$87 -> A010 | D87: ='Raw Tickets'!$D$87 -> Call | E87: ='Raw Tickets'!$E$87 -> Product Quality | F87: ='Raw Tickets'!$F$87 -> High | G87: ='Raw Tickets'!$G$87 -> 14.8 | H87: ='Raw Tickets'!$H$87 -> 23 | I87: ='Raw Tickets'!$I$87 -> 2 | J87: ='Raw Tickets'!$J$87 -> 75.7 | K87: ='Raw Tickets'!$K$87 -> Closed | L87: ='Raw Tickets'!$L$87 -> No | M87: ='Raw Tickets'!$M$87 -> No | N87: =IFERROR(VLOOKUP(C87,Agents!$A$2:$E$26,2,FALSE),"") -> Ananya Gupta | O87: =IFERROR(INDEX(Agents!$D$2:$D$26,MATCH(C87,Agents!$A$2:$A$26,0)),"") -> Voice Support | P87: =IFERROR(VLOOKUP(C87,Agents!$A$2:$E$26,3,FALSE),"") -> Kritika Shah | Q87: =IFERROR(VLOOKUP(C87,Agents!$A$2:$E$26,5,FALSE),"") -> Gurugram | R87: =IFERROR(VLOOKUP(F87,#REF!,2,FALSE),0) -> 0 | S87: =IF(G87<=R87,"Met","Breached") -> Breached | T87: =IF(H87<=30,"Within Target","Late") -> Within Target | U87: =TEXT(B87,"yyyy-mm") -> 2025-03 | V87: =IF(I87>=4,"Good",IF(I87=3,"Average","Poor")) -> Poor | W87: =IF(J87>=85,"Pass","Needs Coaching") -> Needs Coaching | X87: =IF(COUNTIF($A$2:$A$501,A87)>1,"Duplicate","Unique") -> Unique
A88: ='Raw Tickets'!$A$88 -> T00087 | B88: ='Raw Tickets'!$B$88 -> 45999 | C88: ='Raw Tickets'!$C$88 -> A018 | D88: ='Raw Tickets'!$D$88 -> Email | E88: ='Raw Tickets'!$E$88 -> Delivery Delay | F88: ='Raw Tickets'!$F$88 -> High | G88: ='Raw Tickets'!$G$88 -> 14.8 | H88: ='Raw Tickets'!$H$88 -> 51 | I88: ='Raw Tickets'!$I$88 -> 3 | J88: ='Raw Tickets'!$J$88 -> 79.8 | K88: ='Raw Tickets'!$K$88 -> Closed | L88: ='Raw Tickets'!$L$88 -> No | M88: ='Raw Tickets'!$M$88 -> No | N88: =IFERROR(VLOOKUP(C88,Agents!$A$2:$E$26,2,FALSE),"") -> Rahul Verma | O88: =IFERROR(INDEX(Agents!$D$2:$D$26,MATCH(C88,Agents!$A$2:$A$26,0)),"") -> Escalations | P88: =IFERROR(VLOOKUP(C88,Agents!$A$2:$E$26,3,FALSE),"") -> Pallavi Rao | Q88: =IFERROR(VLOOKUP(C88,Agents!$A$2:$E$26,5,FALSE),"") -> Hyderabad | R88: =IFERROR(VLOOKUP(F88,#REF!,2,FALSE),0) -> 0 | S88: =IF(G88<=R88,"Met","Breached") -> Breached | T88: =IF(H88<=30,"Within Target","Late") -> Late | U88: =TEXT(B88,"yyyy-mm") -> 2025-12 | V88: =IF(I88>=4,"Good",IF(I88=3,"Average","Poor")) -> Average | W88: =IF(J88>=85,"Pass","Needs Coaching") -> Needs Coaching | X88: =IF(COUNTIF($A$2:$A$501,A88)>1,"Duplicate","Unique") -> Unique
A89: ='Raw Tickets'!$A$89 -> T00088 | B89: ='Raw Tickets'!$B$89 -> 45796 | C89: ='Raw Tickets'!$C$89 -> A001 | D89: ='Raw Tickets'!$D$89 -> Chat | E89: ='Raw Tickets'!$E$89 -> Payment Failure | F89: ='Raw Tickets'!$F$89 -> Low | G89: ='Raw Tickets'!$G$89 -> 22.9 | H89: ='Raw Tickets'!$H$89 -> 35 | I89: ='Raw Tickets'!$I$89 -> 4 | J89: ='Raw Tickets'!$J$89 -> 75.5 | K89: ='Raw Tickets'!$K$89 -> Closed | L89: ='Raw Tickets'!$L$89 -> No | M89: ='Raw Tickets'!$M$89 -> Yes | N89: =IFERROR(VLOOKUP(C89,Agents!$A$2:$E$26,2,FALSE),"") -> Ishita Patel | O89: =IFERROR(INDEX(Agents!$D$2:$D$26,MATCH(C89,Agents!$A$2:$A$26,0)),"") -> Email Support | P89: =IFERROR(VLOOKUP(C89,Agents!$A$2:$E$26,3,FALSE),"") -> Aman Verma | Q89: =IFERROR(VLOOKUP(C89,Agents!$A$2:$E$26,5,FALSE),"") -> Gurugram | R89: =IFERROR(VLOOKUP(F89,#REF!,2,FALSE),0) -> 0 | S89: =IF(G89<=R89,"Met","Breached") -> Breached | T89: =IF(H89<=30,"Within Target","Late") -> Late | U89: =TEXT(B89,"yyyy-mm") -> 2025-05 | V89: =IF(I89>=4,"Good",IF(I89=3,"Average","Poor")) -> Good | W89: =IF(J89>=85,"Pass","Needs Coaching") -> Needs Coaching | X89: =IF(COUNTIF($A$2:$A$501,A89)>1,"Duplicate","Unique") -> Unique
A90: ='Raw Tickets'!$A$90 -> T00089 | B90: ='Raw Tickets'!$B$90 -> 45923 | C90: ='Raw Tickets'!$C$90 -> A003 | D90: ='Raw Tickets'!$D$90 -> Call | E90: ='Raw Tickets'!$E$90 -> Refund | F90: ='Raw Tickets'!$F$90 -> Medium | G90: ='Raw Tickets'!$G$90 -> 15.4 | H90: ='Raw Tickets'!$H$90 -> 55 | I90: ='Raw Tickets'!$I$90 -> 4 | J90: ='Raw Tickets'!$J$90 -> 93.7 | K90: ='Raw Tickets'!$K$90 -> Open | L90: ='Raw Tickets'!$L$90 -> No | M90: ='Raw Tickets'!$M$90 -> No | N90: =IFERROR(VLOOKUP(C90,Agents!$A$2:$E$26,2,FALSE),"") -> Kabir Verma | O90: =IFERROR(INDEX(Agents!$D$2:$D$26,MATCH(C90,Agents!$A$2:$A$26,0)),"") -> Email Support | P90: =IFERROR(VLOOKUP(C90,Agents!$A$2:$E$26,3,FALSE),"") -> Aman Verma | Q90: =IFERROR(VLOOKUP(C90,Agents!$A$2:$E$26,5,FALSE),"") -> Gurugram | R90: =IFERROR(VLOOKUP(F90,#REF!,2,FALSE),0) -> 0 | S90: =IF(G90<=R90,"Met","Breached") -> Breached | T90: =IF(H90<=30,"Within Target","Late") -> Late | U90: =TEXT(B90,"yyyy-mm") -> 2025-09 | V90: =IF(I90>=4,"Good",IF(I90=3,"Average","Poor")) -> Good | W90: =IF(J90>=85,"Pass","Needs Coaching") -> Pass | X90: =IF(COUNTIF($A$2:$A$501,A90)>1,"Duplicate","Unique") -> Unique
A91: ='Raw Tickets'!$A$91 -> T00090 | B91: ='Raw Tickets'!$B$91 -> 45868 | C91: ='Raw Tickets'!$C$91 -> A016 | D91: ='Raw Tickets'!$D$91 -> Email | E91: ='Raw Tickets'!$E$91 -> Payment Failure | F91: ='Raw Tickets'!$F$91 -> High | G91: ='Raw Tickets'!$G$91 -> 17.5 | H91: ='Raw Tickets'!$H$91 -> 24 | I91: ='Raw Tickets'!$I$91 -> 4 | J91: ='Raw Tickets'!$J$91 -> 89.7 | K91: ='Raw Tickets'!$K$91 -> Closed | L91: ='Raw Tickets'!$L$91 -> No | M91: ='Raw Tickets'!$M$91 -> No | N91: =IFERROR(VLOOKUP(C91,Agents!$A$2:$E$26,2,FALSE),"") -> Pooja Bansal | O91: =IFERROR(INDEX(Agents!$D$2:$D$26,MATCH(C91,Agents!$A$2:$A$26,0)),"") -> Escalations | P91: =IFERROR(VLOOKUP(C91,Agents!$A$2:$E$26,3,FALSE),"") -> Pallavi Rao | Q91: =IFERROR(VLOOKUP(C91,Agents!$A$2:$E$26,5,FALSE),"") -> Hyderabad | R91: =IFERROR(VLOOKUP(F91,#REF!,2,FALSE),0) -> 0 | S91: =IF(G91<=R91,"Met","Breached") -> Breached | T91: =IF(H91<=30,"Within Target","Late") -> Within Target | U91: =TEXT(B91,"yyyy-mm") -> 2025-07 | V91: =IF(I91>=4,"Good",IF(I91=3,"Average","Poor")) -> Good | W91: =IF(J91>=85,"Pass","Needs Coaching") -> Pass | X91: =IF(COUNTIF($A$2:$A$501,A91)>1,"Duplicate","Unique") -> Unique
A92: ='Raw Tickets'!$A$92 -> T00091 | B92: ='Raw Tickets'!$B$92 -> 45914 | C92: ='Raw Tickets'!$C$92 -> A009 | D92: ='Raw Tickets'!$D$92 -> Chat | E92: ='Raw Tickets'!$E$92 -> Product Quality | F92: ='Raw Tickets'!$F$92 -> Medium | G92: ='Raw Tickets'!$G$92 -> 17 | H92: ='Raw Tickets'!$H$92 -> 62 | I92: ='Raw Tickets'!$I$92 -> 5 | J92: ='Raw Tickets'!$J$92 -> 96.5 | K92: ='Raw Tickets'!$K$92 -> Closed | L92: ='Raw Tickets'!$L$92 -> No | M92: ='Raw Tickets'!$M$92 -> No | N92: =IFERROR(VLOOKUP(C92,Agents!$A$2:$E$26,2,FALSE),"") -> Divya Mehta | O92: =IFERROR(INDEX(Agents!$D$2:$D$26,MATCH(C92,Agents!$A$2:$A$26,0)),"") -> Voice Support | P92: =IFERROR(VLOOKUP(C92,Agents!$A$2:$E$26,3,FALSE),"") -> Kritika Shah | Q92: =IFERROR(VLOOKUP(C92,Agents!$A$2:$E$26,5,FALSE),"") -> Gurugram | R92: =IFERROR(VLOOKUP(F92,#REF!,2,FALSE),0) -> 0 | S92: =IF(G92<=R92,"Met","Breached") -> Breached | T92: =IF(H92<=30,"Within Target","Late") -> Late | U92: =TEXT(B92,"yyyy-mm") -> 2025-09 | V92: =IF(I92>=4,"Good",IF(I92=3,"Average","Poor")) -> Good | W92: =IF(J92>=85,"Pass","Needs Coaching") -> Pass | X92: =IF(COUNTIF($A$2:$A$501,A92)>1,"Duplicate","Unique") -> Unique
A93: ='Raw Tickets'!$A$93 -> T00092 | B93: ='Raw Tickets'!$B$93 -> 45738 | C93: ='Raw Tickets'!$C$93 -> A013 | D93: ='Raw Tickets'!$D$93 -> Call | E93: ='Raw Tickets'!$E$93 -> Product Quality | F93: ='Raw Tickets'!$F$93 -> Low | G93: ='Raw Tickets'!$G$93 -> 24.1 | H93: ='Raw Tickets'!$H$93 -> 45 | I93: ='Raw Tickets'!$I$93 -> 4 | J93: ='Raw Tickets'!$J$93 -> 89.3 | K93: ='Raw Tickets'!$K$93 -> Closed | L93: ='Raw Tickets'!$L$93 -> Yes | M93: ='Raw Tickets'!$M$93 -> No | N93: =IFERROR(VLOOKUP(C93,Agents!$A$2:$E$26,2,FALSE),"") -> Ananya Jain | O93: =IFERROR(INDEX(Agents!$D$2:$D$26,MATCH(C93,Agents!$A$2:$A$26,0)),"") -> Chat Support | P93: =IFERROR(VLOOKUP(C93,Agents!$A$2:$E$26,3,FALSE),"") -> Nitin Gupta | Q93: =IFERROR(VLOOKUP(C93,Agents!$A$2:$E$26,5,FALSE),"") -> Hyderabad | R93: =IFERROR(VLOOKUP(F93,#REF!,2,FALSE),0) -> 0 | S93: =IF(G93<=R93,"Met","Breached") -> Breached | T93: =IF(H93<=30,"Within Target","Late") -> Late | U93: =TEXT(B93,"yyyy-mm") -> 2025-03 | V93: =IF(I93>=4,"Good",IF(I93=3,"Average","Poor")) -> Good | W93: =IF(J93>=85,"Pass","Needs Coaching") -> Pass | X93: =IF(COUNTIF($A$2:$A$501,A93)>1,"Duplicate","Unique") -> Unique
A94: ='Raw Tickets'!$A$94 -> T00093 | B94: ='Raw Tickets'!$B$94 -> 45974 | C94: ='Raw Tickets'!$C$94 -> A014 | D94: ='Raw Tickets'!$D$94 -> Chat | E94: ='Raw Tickets'!$E$94 -> Order Cancellation | F94: ='Raw Tickets'!$F$94 -> Medium | G94: ='Raw Tickets'!$G$94 -> 0.5 | H94: ='Raw Tickets'!$H$94 -> 24 | I94: ='Raw Tickets'!$I$94 -> 3 | J94: ='Raw Tickets'!$J$94 -> 100 | K94: ='Raw Tickets'!$K$94 -> Closed | L94: ='Raw Tickets'!$L$94 -> Yes | M94: ='Raw Tickets'!$M$94 -> No | N94: =IFERROR(VLOOKUP(C94,Agents!$A$2:$E$26,2,FALSE),"") -> Ananya Jain | O94: =IFERROR(INDEX(Agents!$D$2:$D$26,MATCH(C94,Agents!$A$2:$A$26,0)),"") -> Chat Support | P94: =IFERROR(VLOOKUP(C94,Agents!$A$2:$E$26,3,FALSE),"") -> Nitin Gupta | Q94: =IFERROR(VLOOKUP(C94,Agents!$A$2:$E$26,5,FALSE),"") -> Bengaluru | R94: =IFERROR(VLOOKUP(F94,#REF!,2,FALSE),0) -> 0 | S94: =IF(G94<=R94,"Met","Breached") -> Breached | T94: =IF(H94<=30,"Within Target","Late") -> Within Target | U94: =TEXT(B94,"yyyy-mm") -> 2025-11 | V94: =IF(I94>=4,"Good",IF(I94=3,"Average","Poor")) -> Average | W94: =IF(J94>=85,"Pass","Needs Coaching") -> Pass | X94: =IF(COUNTIF($A$2:$A$501,A94)>1,"Duplicate","Unique") -> Unique
A95: ='Raw Tickets'!$A$95 -> T00094 | B95: ='Raw Tickets'!$B$95 -> 45824 | C95: ='Raw Tickets'!$C$95 -> A005 | D95: ='Raw Tickets'!$D$95 -> Chat | E95: ='Raw Tickets'!$E$95 -> Delivery Delay | F95: ='Raw Tickets'!$F$95 -> High | G95: ='Raw Tickets'!$G$95 -> 9.9 | H95: ='Raw Tickets'!$H$95 -> 1 | I95: ='Raw Tickets'!$I$95 -> 4 | J95: ='Raw Tickets'!$J$95 -> 84.8 | K95: ='Raw Tickets'!$K$95 -> Closed | L95: ='Raw Tickets'!$L$95 -> No | M95: ='Raw Tickets'!$M$95 -> No | N95: =IFERROR(VLOOKUP(C95,Agents!$A$2:$E$26,2,FALSE),"") -> Aditi Verma | O95: =IFERROR(INDEX(Agents!$D$2:$D$26,MATCH(C95,Agents!$A$2:$A$26,0)),"") -> Email Support | P95: =IFERROR(VLOOKUP(C95,Agents!$A$2:$E$26,3,FALSE),"") -> Aman Verma | Q95: =IFERROR(VLOOKUP(C95,Agents!$A$2:$E$26,5,FALSE),"") -> Gurugram | R95: =IFERROR(VLOOKUP(F95,#REF!,2,FALSE),0) -> 0 | S95: =IF(G95<=R95,"Met","Breached") -> Breached | T95: =IF(H95<=30,"Within Target","Late") -> Within Target | U95: =TEXT(B95,"yyyy-mm") -> 2025-06 | V95: =IF(I95>=4,"Good",IF(I95=3,"Average","Poor")) -> Good | W95: =IF(J95>=85,"Pass","Needs Coaching") -> Needs Coaching | X95: =IF(COUNTIF($A$2:$A$501,A95)>1,"Duplicate","Unique") -> Unique
A96: ='Raw Tickets'!$A$96 -> T00095 | B96: ='Raw Tickets'!$B$96 -> 45856 | C96: ='Raw Tickets'!$C$96 -> A020 | D96: ='Raw Tickets'!$D$96 -> Call | E96: ='Raw Tickets'!$E$96 -> Delivery Delay | F96: ='Raw Tickets'!$F$96 -> High | G96: ='Raw Tickets'!$G$96 -> 3.4 | H96: ='Raw Tickets'!$H$96 -> 42 | I96: ='Raw Tickets'!$I$96 -> 2 | J96: ='Raw Tickets'!$J$96 -> 93.5 | K96: ='Raw Tickets'!$K$96 -> Closed | L96: ='Raw Tickets'!$L$96 -> No | M96: ='Raw Tickets'!$M$96 -> No | N96: =IFERROR(VLOOKUP(C96,Agents!$A$2:$E$26,2,FALSE),"") -> Aditi Bansal | O96: =IFERROR(INDEX(Agents!$D$2:$D$26,MATCH(C96,Agents!$A$2:$A$26,0)),"") -> Escalations | P96: =IFERROR(VLOOKUP(C96,Agents!$A$2:$E$26,3,FALSE),"") -> Pallavi Rao | Q96: =IFERROR(VLOOKUP(C96,Agents!$A$2:$E$26,5,FALSE),"") -> Noida | R96: =IFERROR(VLOOKUP(F96,#REF!,2,FALSE),0) -> 0 | S96: =IF(G96<=R96,"Met","Breached") -> Breached | T96: =IF(H96<=30,"Within Target","Late") -> Late | U96: =TEXT(B96,"yyyy-mm") -> 2025-07 | V96: =IF(I96>=4,"Good",IF(I96=3,"Average","Poor")) -> Poor | W96: =IF(J96>=85,"Pass","Needs Coaching") -> Pass | X96: =IF(COUNTIF($A$2:$A$501,A96)>1,"Duplicate","Unique") -> Unique
A97: ='Raw Tickets'!$A$97 -> T00096 | B97: ='Raw Tickets'!$B$97 -> 45744 | C97: ='Raw Tickets'!$C$97 -> A003 | D97: ='Raw Tickets'!$D$97 -> Call | E97: ='Raw Tickets'!$E$97 -> Payment Failure | F97: ='Raw Tickets'!$F$97 -> Medium | G97: ='Raw Tickets'!$G$97 -> 18.8 | H97: ='Raw Tickets'!$H$97 -> 21 | I97: ='Raw Tickets'!$I$97 -> 3 | J97: ='Raw Tickets'!$J$97 -> 88.6 | K97: ='Raw Tickets'!$K$97 -> Closed | L97: ='Raw Tickets'!$L$97 -> No | M97: ='Raw Tickets'!$M$97 -> No | N97: =IFERROR(VLOOKUP(C97,Agents!$A$2:$E$26,2,FALSE),"") -> Kabir Verma | O97: =IFERROR(INDEX(Agents!$D$2:$D$26,MATCH(C97,Agents!$A$2:$A$26,0)),"") -> Email Support | P97: =IFERROR(VLOOKUP(C97,Agents!$A$2:$E$26,3,FALSE),"") -> Aman Verma | Q97: =IFERROR(VLOOKUP(C97,Agents!$A$2:$E$26,5,FALSE),"") -> Gurugram | R97: =IFERROR(VLOOKUP(F97,#REF!,2,FALSE),0) -> 0 | S97: =IF(G97<=R97,"Met","Breached") -> Breached | T97: =IF(H97<=30,"Within Target","Late") -> Within Target | U97: =TEXT(B97,"yyyy-mm") -> 2025-03 | V97: =IF(I97>=4,"Good",IF(I97=3,"Average","Poor")) -> Average | W97: =IF(J97>=85,"Pass","Needs Coaching") -> Pass | X97: =IF(COUNTIF($A$2:$A$501,A97)>1,"Duplicate","Unique") -> Unique
A98: ='Raw Tickets'!$A$98 -> T00097 | B98: ='Raw Tickets'!$B$98 -> 45840 | C98: ='Raw Tickets'!$C$98 -> A024 | D98: ='Raw Tickets'!$D$98 -> Email | E98: ='Raw Tickets'!$E$98 -> Payment Failure | F98: ='Raw Tickets'!$F$98 -> Medium | G98: ='Raw Tickets'!$G$98 -> 40.7 | H98: ='Raw Tickets'!$H$98 -> 4 | I98: ='Raw Tickets'!$I$98 -> 3 | J98: ='Raw Tickets'!$J$98 -> 100 | K98: ='Raw Tickets'!$K$98 -> Closed | L98: ='Raw Tickets'!$L$98 -> No | M98: ='Raw Tickets'!$M$98 -> No | N98: =IFERROR(VLOOKUP(C98,Agents!$A$2:$E$26,2,FALSE),"") -> Rohan Verma | O98: =IFERROR(INDEX(Agents!$D$2:$D$26,MATCH(C98,Agents!$A$2:$A$26,0)),"") -> Seller Support | P98: =IFERROR(VLOOKUP(C98,Agents!$A$2:$E$26,3,FALSE),"") -> Vivek Jain | Q98: =IFERROR(VLOOKUP(C98,Agents!$A$2:$E$26,5,FALSE),"") -> Noida | R98: =IFERROR(VLOOKUP(F98,#REF!,2,FALSE),0) -> 0 | S98: =IF(G98<=R98,"Met","Breached") -> Breached | T98: =IF(H98<=30,"Within Target","Late") -> Within Target | U98: =TEXT(B98,"yyyy-mm") -> 2025-07 | V98: =IF(I98>=4,"Good",IF(I98=3,"Average","Poor")) -> Average | W98: =IF(J98>=85,"Pass","Needs Coaching") -> Pass | X98: =IF(COUNTIF($A$2:$A$501,A98)>1,"Duplicate","Unique") -> Unique
A99: ='Raw Tickets'!$A$99 -> T00098 | B99: ='Raw Tickets'!$B$99 -> 45787 | C99: ='Raw Tickets'!$C$99 -> A004 | D99: ='Raw Tickets'!$D$99 -> Call | E99: ='Raw Tickets'!$E$99 -> Refund | F99: ='Raw Tickets'!$F$99 -> Low | G99: ='Raw Tickets'!$G$99 -> 52.4 | H99: ='Raw Tickets'!$H$99 -> 65 | I99: ='Raw Tickets'!$I$99 -> 3 | J99: ='Raw Tickets'!$J$99 -> 84.3 | K99: ='Raw Tickets'!$K$99 -> Closed | L99: ='Raw Tickets'!$L$99 -> No | M99: ='Raw Tickets'!$M$99 -> No | N99: =IFERROR(VLOOKUP(C99,Agents!$A$2:$E$26,2,FALSE),"") -> Arjun Agarwal | O99: =IFERROR(INDEX(Agents!$D$2:$D$26,MATCH(C99,Agents!$A$2:$A$26,0)),"") -> Email Support | P99: =IFERROR(VLOOKUP(C99,Agents!$A$2:$E$26,3,FALSE),"") -> Aman Verma | Q99: =IFERROR(VLOOKUP(C99,Agents!$A$2:$E$26,5,FALSE),"") -> Bengaluru | R99: =IFERROR(VLOOKUP(F99,#REF!,2,FALSE),0) -> 0 | S99: =IF(G99<=R99,"Met","Breached") -> Breached | T99: =IF(H99<=30,"Within Target","Late") -> Late | U99: =TEXT(B99,"yyyy-mm") -> 2025-05 | V99: =IF(I99>=4,"Good",IF(I99=3,"Average","Poor")) -> Average | W99: =IF(J99>=85,"Pass","Needs Coaching") -> Needs Coaching | X99: =IF(COUNTIF($A$2:$A$501,A99)>1,"Duplicate","Unique") -> Unique
A100: ='Raw Tickets'!$A$100 -> T00099 | B100: ='Raw Tickets'!$B$100 -> 45675 | C100: ='Raw Tickets'!$C$100 -> A018 | D100: ='Raw Tickets'!$D$100 -> Email | E100: ='Raw Tickets'!$E$100 -> Refund | F100: ='Raw Tickets'!$F$100 -> Medium | G100: ='Raw Tickets'!$G$100 -> 31.7 | H100: ='Raw Tickets'!$H$100 -> 36 | I100: ='Raw Tickets'!$I$100 -> 2 | J100: ='Raw Tickets'!$J$100 -> 79.7 | K100: ='Raw Tickets'!$K$100 -> Closed | L100: ='Raw Tickets'!$L$100 -> No | M100: ='Raw Tickets'!$M$100 -> No | N100: =IFERROR(VLOOKUP(C100,Agents!$A$2:$E$26,2,FALSE),"") -> Rahul Verma | O100: =IFERROR(INDEX(Agents!$D$2:$D$26,MATCH(C100,Agents!$A$2:$A$26,0)),"") -> Escalations | P100: =IFERROR(VLOOKUP(C100,Agents!$A$2:$E$26,3,FALSE),"") -> Pallavi Rao | Q100: =IFERROR(VLOOKUP(C100,Agents!$A$2:$E$26,5,FALSE),"") -> Hyderabad | R100: =IFERROR(VLOOKUP(F100,#REF!,2,FALSE),0) -> 0 | S100: =IF(G100<=R100,"Met","Breached") -> Breached | T100: =IF(H100<=30,"Within Target","Late") -> Late | U100: =TEXT(B100,"yyyy-mm") -> 2025-01 | V100: =IF(I100>=4,"Good",IF(I100=3,"Average","Poor")) -> Poor | W100: =IF(J100>=85,"Pass","Needs Coaching") -> Needs Coaching | X100: =IF(COUNTIF($A$2:$A$501,A100)>1,"Duplicate","Unique") -> Unique
...

Sheet Summary
A1: Support Performance Summary
A4: Team | B4: Tickets | C4: Avg CSAT | D4: Avg QA | E4: SLA Breaches | G4: Month | H4: Tickets | I4: Avg CSAT | J4: Avg QA
A5: Email Support | B5: =COUNTIF('Ticket Analysis'!$O$2:$O$501,A5) -> 112 | C5: =AVERAGEIF('Ticket Analysis'!$O$2:$O$501,A5,'Ticket Analysis'!$I$2:$I$501) -> 3.8214286 | D5: =AVERAGEIF('Ticket Analysis'!$O$2:$O$501,A5,'Ticket Analysis'!$J$2:$J$501) -> 86.165179 | E5: =COUNTIFS('Ticket Analysis'!$O$2:$O$501,A5,'Ticket Analysis'!$S$2:$S$501,"Breached") -> 112 | G5: 2025-01 | H5: =COUNTIF('Ticket Analysis'!$U$2:$U$501,G5) -> 47 | I5: =AVERAGEIF('Ticket Analysis'!$U$2:$U$501,G5,'Ticket Analysis'!$I$2:$I$501) -> 3.8510638 | J5: =AVERAGEIF('Ticket Analysis'!$U$2:$U$501,G5,'Ticket Analysis'!$J$2:$J$501) -> 85.980851
A6: Voice Support | B6: =COUNTIF('Ticket Analysis'!$O$2:$O$501,A6) -> 103 | C6: =AVERAGEIF('Ticket Analysis'!$O$2:$O$501,A6,'Ticket Analysis'!$I$2:$I$501) -> 3.961165 | D6: =AVERAGEIF('Ticket Analysis'!$O$2:$O$501,A6,'Ticket Analysis'!$J$2:$J$501) -> 85.690291 | E6: =COUNTIFS('Ticket Analysis'!$O$2:$O$501,A6,'Ticket Analysis'!$S$2:$S$501,"Breached") -> 103 | G6: 2025-02 | H6: =COUNTIF('Ticket Analysis'!$U$2:$U$501,G6) -> 39 | I6: =AVERAGEIF('Ticket Analysis'!$U$2:$U$501,G6,'Ticket Analysis'!$I$2:$I$501) -> 3.7948718 | J6: =AVERAGEIF('Ticket Analysis'!$U$2:$U$501,G6,'Ticket Analysis'!$J$2:$J$501) -> 87.048718
A7: Chat Support | B7: =COUNTIF('Ticket Analysis'!$O$2:$O$501,A7) -> 93 | C7: =AVERAGEIF('Ticket Analysis'!$O$2:$O$501,A7,'Ticket Analysis'!$I$2:$I$501) -> 3.8387097 | D7: =AVERAGEIF('Ticket Analysis'!$O$2:$O$501,A7,'Ticket Analysis'!$J$2:$J$501) -> 86.995699 | E7: =COUNTIFS('Ticket Analysis'!$O$2:$O$501,A7,'Ticket Analysis'!$S$2:$S$501,"Breached") -> 93 | G7: 2025-03 | H7: =COUNTIF('Ticket Analysis'!$U$2:$U$501,G7) -> 50 | I7: =AVERAGEIF('Ticket Analysis'!$U$2:$U$501,G7,'Ticket Analysis'!$I$2:$I$501) -> 3.88 | J7: =AVERAGEIF('Ticket Analysis'!$U$2:$U$501,G7,'Ticket Analysis'!$J$2:$J$501) -> 85.252
A8: Escalations | B8: =COUNTIF('Ticket Analysis'!$O$2:$O$501,A8) -> 111 | C8: =AVERAGEIF('Ticket Analysis'!$O$2:$O$501,A8,'Ticket Analysis'!$I$2:$I$501) -> 3.8468468 | D8: =AVERAGEIF('Ticket Analysis'!$O$2:$O$501,A8,'Ticket Analysis'!$J$2:$J$501) -> 86.128829 | E8: =COUNTIFS('Ticket Analysis'!$O$2:$O$501,A8,'Ticket Analysis'!$S$2:$S$501,"Breached") -> 111 | G8: 2025-04 | H8: =COUNTIF('Ticket Analysis'!$U$2:$U$501,G8) -> 37 | I8: =AVERAGEIF('Ticket Analysis'!$U$2:$U$501,G8,'Ticket Analysis'!$I$2:$I$501) -> 3.6216216 | J8: =AVERAGEIF('Ticket Analysis'!$U$2:$U$501,G8,'Ticket Analysis'!$J$2:$J$501) -> 90.145946
A9: Seller Support | B9: =COUNTIF('Ticket Analysis'!$O$2:$O$501,A9) -> 81 | C9: =AVERAGEIF('Ticket Analysis'!$O$2:$O$501,A9,'Ticket Analysis'!$I$2:$I$501) -> 3.9382716 | D9: =AVERAGEIF('Ticket Analysis'!$O$2:$O$501,A9,'Ticket Analysis'!$J$2:$J$501) -> 87.07284 | E9: =COUNTIFS('Ticket Analysis'!$O$2:$O$501,A9,'Ticket Analysis'!$S$2:$S$501,"Breached") -> 81 | G9: 2025-05 | H9: =COUNTIF('Ticket Analysis'!$U$2:$U$501,G9) -> 33 | I9: =AVERAGEIF('Ticket Analysis'!$U$2:$U$501,G9,'Ticket Analysis'!$I$2:$I$501) -> 4.2727273 | J9: =AVERAGEIF('Ticket Analysis'!$U$2:$U$501,G9,'Ticket Analysis'!$J$2:$J$501) -> 83.533333
G10: 2025-06 | H10: =COUNTIF('Ticket Analysis'!$U$2:$U$501,G10) -> 37 | I10: =AVERAGEIF('Ticket Analysis'!$U$2:$U$501,G10,'Ticket Analysis'!$I$2:$I$501) -> 4.1621622 | J10: =AVERAGEIF('Ticket Analysis'!$U$2:$U$501,G10,'Ticket Analysis'!$J$2:$J$501) -> 87.632432
G11: 2025-07 | H11: =COUNTIF('Ticket Analysis'!$U$2:$U$501,G11) -> 54 | I11: =AVERAGEIF('Ticket Analysis'!$U$2:$U$501,G11,'Ticket Analysis'!$I$2:$I$501) -> 3.7407407 | J11: =AVERAGEIF('Ticket Analysis'!$U$2:$U$501,G11,'Ticket Analysis'!$J$2:$J$501) -> 86.37037
G12: 2025-08 | H12: =COUNTIF('Ticket Analysis'!$U$2:$U$501,G12) -> 44 | I12: =AVERAGEIF('Ticket Analysis'!$U$2:$U$501,G12,'Ticket Analysis'!$I$2:$I$501) -> 3.8409091 | J12: =AVERAGEIF('Ticket Analysis'!$U$2:$U$501,G12,'Ticket Analysis'!$J$2:$J$501) -> 85.727273
G13: 2025-09 | H13: =COUNTIF('Ticket Analysis'!$U$2:$U$501,G13) -> 42 | I13: =AVERAGEIF('Ticket Analysis'!$U$2:$U$501,G13,'Ticket Analysis'!$I$2:$I$501) -> 3.9761905 | J13: =AVERAGEIF('Ticket Analysis'!$U$2:$U$501,G13,'Ticket Analysis'!$J$2:$J$501) -> 85.642857
G14: 2025-10 | H14: =COUNTIF('Ticket Analysis'!$U$2:$U$501,G14) -> 42 | I14: =AVERAGEIF('Ticket Analysis'!$U$2:$U$501,G14,'Ticket Analysis'!$I$2:$I$501) -> 4 | J14: =AVERAGEIF('Ticket Analysis'!$U$2:$U$501,G14,'Ticket Analysis'!$J$2:$J$501) -> 87.1
G15: 2025-11 | H15: =COUNTIF('Ticket Analysis'!$U$2:$U$501,G15) -> 39 | I15: =AVERAGEIF('Ticket Analysis'!$U$2:$U$501,G15,'Ticket Analysis'!$I$2:$I$501) -> 3.5897436 | J15: =AVERAGEIF('Ticket Analysis'!$U$2:$U$501,G15,'Ticket Analysis'!$J$2:$J$501) -> 86.128205
G16: 2025-12 | H16: =COUNTIF('Ticket Analysis'!$U$2:$U$501,G16) -> 36 | I16: =AVERAGEIF('Ticket Analysis'!$U$2:$U$501,G16,'Ticket Analysis'!$I$2:$I$501) -> 3.9166667 | J16: =AVERAGEIF('Ticket Analysis'!$U$2:$U$501,G16,'Ticket Analysis'!$J$2:$J$501) -> 86.033333

Sheet Dashboard
A1: CUSTOMER SUPPORT & QUALITY DASHBOARD
A4: Tickets | E4: Average CSAT | I4: Average QA | M4: SLA Breaches
A5: =COUNTA('Ticket Analysis'!$A$2:$A$501) -> 500 | E5: =AVERAGE('Ticket Analysis'!$I$2:$I$501) -> 3.878 | I5: =AVERAGE('Ticket Analysis'!$J$2:$J$501) -> 86.3608 | M5: =COUNTIF('Ticket Analysis'!$S$2:$S$501,"Breached") -> 500
J23: Quality focus Review SLA breaches, coach agents with QA below 85, and monitor reopened or escalated tickets.
